"dataset_id","source_pkg","source_object","source_title","slab","yi","vi","measure","study_id","es_id","title","year","file_drawer","prop_women","video_know","stim","proc","proc_aware","w_v_b","precision","abs_yi","source","repo","branch","repo_license"
"psymetadata_coles2019","psymetadata","coles2019","Studies on the Facial Feedback Literature",1,0.020456144,0.012660876,"from_dataset",1,1,"An exploration of the relationship between emotional and cognitive control",2013,"yes",0.569620253,NA,"pictures","suppress-control","yes","within",8.88726484025404,0.020456144,"CRAN",NA,NA,"CRAN"
"psymetadata_coles2019","psymetadata","coles2019","Studies on the Facial Feedback Literature",2,0.178885438,0.0502,"from_dataset",2,2,"Antecedent- and response-focused emotion regulation: Divergent consequences for experience, expression, and physiology.",1998,"no",1,"yes","film","suppress-control","yes","between",4.46321842677452,0.178885438,"CRAN",NA,NA,"CRAN"
"psymetadata_coles2019","psymetadata","coles2019","Studies on the Facial Feedback Literature",3,1.019004713,0.085108387,"from_dataset",3,3,"Attention to emotion and non-western faces: Revisiting the facial feedback hypothesis.",2014,"no",0.566473988,"no","pictures","incidental-control","no","between",3.42778694296005,1.019004713,"CRAN",NA,NA,"CRAN"
"psymetadata_coles2019","psymetadata","coles2019","Studies on the Facial Feedback Literature",4,0.074213214,0.069458439,"from_dataset",3,4,"Attention to emotion and non-western faces: Revisiting the facial feedback hypothesis.",2014,"no",0.566473988,"no","pictures","incidental-control","no","between",3.79435088963052,0.074213214,"CRAN",NA,NA,"CRAN"
"psymetadata_coles2019","psymetadata","coles2019","Studies on the Facial Feedback Literature",5,1.073745003,0.13084949,"from_dataset",3,5,"Attention to emotion and non-western faces: Revisiting the facial feedback hypothesis.",2014,"no",0.566473988,"no","pictures","incidental-suppress",NA,"between",2.76448337713157,1.073745003,"CRAN",NA,NA,"CRAN"
"psymetadata_coles2019","psymetadata","coles2019","Studies on the Facial Feedback Literature",6,0.201825338,0.078860886,"from_dataset",3,6,"Attention to emotion and non-western faces: Revisiting the facial feedback hypothesis.",2014,"no",0.566473988,"no","pictures","incidental-suppress",NA,"between",3.56097704391712,0.201825338,"CRAN",NA,NA,"CRAN"
"psymetadata_coles2019","psymetadata","coles2019","Studies on the Facial Feedback Literature",7,1.35388354,0.196916423,"from_dataset",4,7,"Botulinum toxin cosmetic therapy correlates with a more positive mood.",2009,"no",1,"no",NA,"Botox-control",NA,"between",2.25350761988165,1.35388354,"CRAN",NA,NA,"CRAN"
"psymetadata_coles2019","psymetadata","coles2019","Studies on the Facial Feedback Literature",8,0.071428571,0.025019851,"from_dataset",5,8,"Cardiovascular costs of emotion suppression cross ethnic lines",2008,"no",0.6,"no","film","suppress-control","yes","between",6.3220458397556,0.071428571,"CRAN",NA,NA,"CRAN"
"psymetadata_coles2019","psymetadata","coles2019","Studies on the Facial Feedback Literature",9,0.066519011,0.111172566,"from_dataset",6,9,"Cardiovascular responses of embarrassment and effects of emotional suppression in a social setting.",2001,"no",0.583333333,"yes","social context","suppress-control","yes","between",2.99917070299355,0.066519011,"CRAN",NA,NA,"CRAN"
"psymetadata_coles2019","psymetadata","coles2019","Studies on the Facial Feedback Literature",10,0.124369597,0.025472885,"from_dataset",7,10,"Can college students use emotion regulation strategies to alter intimate partner aggression-risk behaviors? An examination using I theory",2015,"yes",0.584745763,NA,"stories","suppress-control","yes","between",6.26557499423786,0.124369597,"CRAN",NA,NA,"CRAN"
"psymetadata_coles2019","psymetadata","coles2019","Studies on the Facial Feedback Literature",11,0.740518545,0.066784123,"from_dataset",8,11,"Children's ability to control the facial expression of laughter and smiling: Knowledge and behaviour",2003,"no",0.515625,"no","social context","suppress-control","yes","between",3.86957604972137,0.740518545,"CRAN",NA,NA,"CRAN"
"psymetadata_coles2019","psymetadata","coles2019","Studies on the Facial Feedback Literature",12,-0.099330993,0.069050575,"from_dataset",9,12,"Composure at Any Cost? The Cognitive Consequences of Emotion Suppression",1999,"no",1,NA,"pictures","suppress-control","yes","between",3.80554051815781,0.099330993,"CRAN",NA,NA,"CRAN"
"psymetadata_coles2019","psymetadata","coles2019","Studies on the Facial Feedback Literature",13,0.254535817,0.069524039,"from_dataset",9,13,"Composure at Any Cost? The Cognitive Consequences of Emotion Suppression",1999,"no",1,NA,"pictures","suppress-control","yes","between",3.79256037109327,0.254535817,"CRAN",NA,NA,"CRAN"
"psymetadata_coles2019","psymetadata","coles2019","Studies on the Facial Feedback Literature",14,0.362213262,0.070096538,"from_dataset",9,14,"Composure at Any Cost? The Cognitive Consequences of Emotion Suppression",1999,"no",1,NA,"pictures","suppress-control","yes","between",3.77704114174631,0.362213262,"CRAN",NA,NA,"CRAN"
"psymetadata_coles2019","psymetadata","coles2019","Studies on the Facial Feedback Literature",15,0.133407693,0.047222208,"from_dataset",10,15,"Composure at Any Cost? The Cognitive Consequences of Emotion Suppression",1999,"no",1,NA,"pictures","suppress-control","yes","between",4.6017906260598,0.133407693,"CRAN",NA,NA,"CRAN"
"psymetadata_coles2019","psymetadata","coles2019","Studies on the Facial Feedback Literature",16,0.244738762,0.047469852,"from_dataset",10,16,"Composure at Any Cost? The Cognitive Consequences of Emotion Suppression",1999,"no",1,NA,"pictures","suppress-control","yes","between",4.58977146049571,0.244738762,"CRAN",NA,NA,"CRAN"
"psymetadata_coles2019","psymetadata","coles2019","Studies on the Facial Feedback Literature",17,0.060086137,0.047138754,"from_dataset",10,17,"Composure at Any Cost? The Cognitive Consequences of Emotion Suppression",1999,"no",1,NA,"pictures","suppress-control","yes","between",4.60586230783328,0.060086137,"CRAN",NA,NA,"CRAN"
"psymetadata_coles2019","psymetadata","coles2019","Studies on the Facial Feedback Literature",18,0.165822171,0.031679641,"from_dataset",11,18,"Control of emotion",1989,"yes",0.4375,"no","film","exaggerate-control","yes","within",5.61836402113304,0.165822171,"CRAN",NA,NA,"CRAN"
"psymetadata_coles2019","psymetadata","coles2019","Studies on the Facial Feedback Literature",19,0.517458672,0.035433804,"from_dataset",11,19,"Control of emotion",1989,"yes",0.4375,"no","film","exaggerate-control","yes","within",5.31240419186186,0.517458672,"CRAN",NA,NA,"CRAN"
"psymetadata_coles2019","psymetadata","coles2019","Studies on the Facial Feedback Literature",20,0.07509385,0.031338111,"from_dataset",11,20,"Control of emotion",1989,"yes",0.4375,"no","film","exaggerate-control","yes","within",5.64889617683716,0.07509385,"CRAN",NA,NA,"CRAN"
"psymetadata_coles2019","psymetadata","coles2019","Studies on the Facial Feedback Literature",21,0.262705527,0.032328347,"from_dataset",11,21,"Control of emotion",1989,"yes",0.4375,"no","film","exaggerate-control","yes","within",5.56170885335819,0.262705527,"CRAN",NA,NA,"CRAN"
"psymetadata_coles2019","psymetadata","coles2019","Studies on the Facial Feedback Literature",22,0.621106264,0.037277703,"from_dataset",11,22,"Control of emotion",1989,"yes",0.4375,"no",NA,"exp.pose-exp.pose",NA,"within",5.17935200525119,0.621106264,"CRAN",NA,NA,"CRAN"
"psymetadata_coles2019","psymetadata","coles2019","Studies on the Facial Feedback Literature",23,0.743875957,0.039896116,"from_dataset",11,23,"Control of emotion",1989,"yes",0.4375,"no",NA,"exp.pose-exp.pose",NA,"within",5.00650542417382,0.743875957,"CRAN",NA,NA,"CRAN"
"psymetadata_coles2019","psymetadata","coles2019","Studies on the Facial Feedback Literature",24,0.179312693,0.031752391,"from_dataset",11,24,"Control of emotion",1989,"yes",0.4375,"no","film","suppress-control","yes","within",5.61192402781683,0.179312693,"CRAN",NA,NA,"CRAN"
"psymetadata_coles2019","psymetadata","coles2019","Studies on the Facial Feedback Literature",25,0.422266873,0.034036083,"from_dataset",11,25,"Control of emotion",1989,"yes",0.4375,"no","film","suppress-control","yes","within",5.42038597600836,0.422266873,"CRAN",NA,NA,"CRAN"
"psymetadata_coles2019","psymetadata","coles2019","Studies on the Facial Feedback Literature",26,0.267558405,0.032368555,"from_dataset",11,26,"Control of emotion",1989,"yes",0.4375,"no","film","suppress-control","yes","within",5.55825342139395,0.267558405,"CRAN",NA,NA,"CRAN"
"psymetadata_coles2019","psymetadata","coles2019","Studies on the Facial Feedback Literature",27,0.095758228,0.031393276,"from_dataset",11,27,"Control of emotion",1989,"yes",0.4375,"no","film","suppress-control","yes","within",5.6439308082166,0.095758228,"CRAN",NA,NA,"CRAN"
"psymetadata_coles2019","psymetadata","coles2019","Studies on the Facial Feedback Literature",28,0.436440884,0.035330333,"from_dataset",12,28,"Cross-modality consistencies in individual differences in self-attribution.",1977,"no",0.575,"yes",NA,"exp.pose-control","yes","within",5.32017765247834,0.436440884,"CRAN",NA,NA,"CRAN"
"psymetadata_coles2019","psymetadata","coles2019","Studies on the Facial Feedback Literature",29,0.384355346,0.034640791,"from_dataset",12,29,"Cross-modality consistencies in individual differences in self-attribution.",1977,"no",0.575,"yes",NA,"exp.pose-control","yes","within",5.37286711978332,0.384355346,"CRAN",NA,NA,"CRAN"
"psymetadata_coles2019","psymetadata","coles2019","Studies on the Facial Feedback Literature",30,0.508283005,0.036425026,"from_dataset",12,30,"Cross-modality consistencies in individual differences in self-attribution.",1977,"no",0.575,"yes",NA,"exp.pose-control","yes","within",5.23962330061311,0.508283005,"CRAN",NA,NA,"CRAN"
"psymetadata_coles2019","psymetadata","coles2019","Studies on the Facial Feedback Literature",31,0.170762994,0.1003645,"from_dataset",13,31,"Culturally Situated Cognition: The Influence of Communication Practices, Physical Environments, and Intra-Individual Motor Actions; Chapter 4 Culture and bodily posture: When are bodily expressions informative to East Asians and to Americans?",2006,"yes",0.24691358,"no","pictures","incidental-suppress",NA,"between",3.15653011671569,0.170762994,"CRAN",NA,NA,"CRAN"
"psymetadata_coles2019","psymetadata","coles2019","Studies on the Facial Feedback Literature",32,0.528100369,0.103486125,"from_dataset",13,32,"Culturally Situated Cognition: The Influence of Communication Practices, Physical Environments, and Intra-Individual Motor Actions; Chapter 4 Culture and bodily posture: When are bodily expressions informative to East Asians and to Americans?",2006,"yes",0.24691358,"no","pictures","incidental-suppress",NA,"between",3.10855773125583,0.528100369,"CRAN",NA,NA,"CRAN"
"psymetadata_coles2019","psymetadata","coles2019","Studies on the Facial Feedback Literature",33,0.488836413,0.053499747,"from_dataset",14,33,"Culturally Situated Cognition: The Influence of Communication Practices, Physical Environments, and Intra-Individual Motor Actions; Chapter 4 Culture and bodily posture: When are bodily expressions informative to East Asians and to Americans?",2006,"yes",0.6,"no","pictures","incidental-suppress",NA,"between",4.32338723427176,0.488836413,"CRAN",NA,NA,"CRAN"
"psymetadata_coles2019","psymetadata","coles2019","Studies on the Facial Feedback Literature",34,1.255424231,0.1788045,"from_dataset",15,34,"Deeper than skin deep - The effect of botulinum toxin-A on emotion processing.",2016,"no",1,"no","sentences","Botox-control",NA,"within",2.36488908987889,1.255424231,"CRAN",NA,NA,"CRAN"
"psymetadata_coles2019","psymetadata","coles2019","Studies on the Facial Feedback Literature",35,0.626130977,0.119602,"from_dataset",15,35,"Deeper than skin deep - The effect of botulinum toxin-A on emotion processing.",2016,"no",1,"no","sentences","Botox-control",NA,"within",2.89155048308877,0.626130977,"CRAN",NA,NA,"CRAN"
"psymetadata_coles2019","psymetadata","coles2019","Studies on the Facial Feedback Literature",36,-0.359904038,0.035492182,"from_dataset",16,36,"DEFENSIVE STYLE: MANIPULATION OF FACIAL EXPRESSIVENESS AND ITS IMPACT ON PSYCHOPHYSIOLOGICAL REACTIVITY AND SELF-REPORTED ANXIETY (REPRESSION-SENSITIZATION)",1985,"yes",0,"yes","film","exaggerate-control","yes","within",5.30803343829221,0.359904038,"CRAN",NA,NA,"CRAN"
"psymetadata_coles2019","psymetadata","coles2019","Studies on the Facial Feedback Literature",37,-0.209406545,0.034064185,"from_dataset",16,37,"DEFENSIVE STYLE: MANIPULATION OF FACIAL EXPRESSIVENESS AND ITS IMPACT ON PSYCHOPHYSIOLOGICAL REACTIVITY AND SELF-REPORTED ANXIETY (REPRESSION-SENSITIZATION)",1985,"yes",0,"yes","film","suppress-control","yes","within",5.41814968127009,0.209406545,"CRAN",NA,NA,"CRAN"
"psymetadata_coles2019","psymetadata","coles2019","Studies on the Facial Feedback Literature",38,-0.173095875,0.122676195,"from_dataset",17,38,"Duchenne smile, emotional experience, and autonomic reactivity: a test of the facial feedback hypothesis.",2002,"no",1,"yes","film","incidental-suppress",NA,"between",2.85509031885627,0.173095875,"CRAN",NA,NA,"CRAN"
"psymetadata_coles2019","psymetadata","coles2019","Studies on the Facial Feedback Literature",39,0.477632212,0.125678776,"from_dataset",17,39,"Duchenne smile, emotional experience, and autonomic reactivity: a test of the facial feedback hypothesis.",2002,"no",1,"yes","film","incidental-suppress",NA,"between",2.82077878594166,0.477632212,"CRAN",NA,NA,"CRAN"
"psymetadata_coles2019","psymetadata","coles2019","Studies on the Facial Feedback Literature",40,0.466504443,0.125519592,"from_dataset",17,40,"Duchenne smile, emotional experience, and autonomic reactivity: a test of the facial feedback hypothesis.",2002,"no",1,"yes","film","incidental-suppress",NA,"between",2.82256687563574,0.466504443,"CRAN",NA,NA,"CRAN"
"psymetadata_coles2019","psymetadata","coles2019","Studies on the Facial Feedback Literature",41,0.43939177,0.125147451,"from_dataset",17,41,"Duchenne smile, emotional experience, and autonomic reactivity: a test of the facial feedback hypothesis.",2002,"no",1,"yes","film","incidental-suppress",NA,"between",2.82676038154715,0.43939177,"CRAN",NA,NA,"CRAN"
"psymetadata_coles2019","psymetadata","coles2019","Studies on the Facial Feedback Literature",42,0.525708023,0.129808461,"from_dataset",17,42,"Duchenne smile, emotional experience, and autonomic reactivity: a test of the facial feedback hypothesis.",2002,"no",1,"yes","film","incidental-suppress",NA,"between",2.77554644788237,0.525708023,"CRAN",NA,NA,"CRAN"
"psymetadata_coles2019","psymetadata","coles2019","Studies on the Facial Feedback Literature",43,1.103236069,0.14450785,"from_dataset",17,43,"Duchenne smile, emotional experience, and autonomic reactivity: a test of the facial feedback hypothesis.",2002,"no",1,"yes","film","incidental-suppress",NA,"between",2.63059675586797,1.103236069,"CRAN",NA,NA,"CRAN"
"psymetadata_coles2019","psymetadata","coles2019","Studies on the Facial Feedback Literature",44,1.112787896,0.144838585,"from_dataset",17,44,"Duchenne smile, emotional experience, and autonomic reactivity: a test of the facial feedback hypothesis.",2002,"no",1,"yes","film","incidental-suppress",NA,"between",2.62759159098502,1.112787896,"CRAN",NA,NA,"CRAN"
"psymetadata_coles2019","psymetadata","coles2019","Studies on the Facial Feedback Literature",45,0.942376135,0.139366333,"from_dataset",17,45,"Duchenne smile, emotional experience, and autonomic reactivity: a test of the facial feedback hypothesis.",2002,"no",1,"yes","film","incidental-suppress",NA,"between",2.6786814085959,0.942376135,"CRAN",NA,NA,"CRAN"
"psymetadata_coles2019","psymetadata","coles2019","Studies on the Facial Feedback Literature",46,0.180838886,0.12551098,"from_dataset",18,46,"Effective regulation of the experience and expression of negative affect in old age.",2008,"no",0.547,"yes","film","suppress-control","yes","between",2.82266370990861,0.180838886,"CRAN",NA,NA,"CRAN"
"psymetadata_coles2019","psymetadata","coles2019","Studies on the Facial Feedback Literature",47,0.075,0.125087891,"from_dataset",18,47,"Effective regulation of the experience and expression of negative affect in old age.",2008,"no",0.547,"yes","film","suppress-control","yes","between",2.82743327566415,0.075,"CRAN",NA,NA,"CRAN"
"psymetadata_coles2019","psymetadata","coles2019","Studies on the Facial Feedback Literature",48,-0.045089093,0.038500635,"from_dataset",21,48,"Emotion dysregulation and schizotypy",2009,"no",0.666666667,"yes","film","exaggerate-control","yes","within",5.09642988554985,0.045089093,"CRAN",NA,NA,"CRAN"
"psymetadata_coles2019","psymetadata","coles2019","Studies on the Facial Feedback Literature",49,0.526201925,0.043786317,"from_dataset",21,49,"Emotion dysregulation and schizotypy",2009,"no",0.666666667,"yes","film","suppress-control","yes","within",4.77893134651213,0.526201925,"CRAN",NA,NA,"CRAN"
"psymetadata_coles2019","psymetadata","coles2019","Studies on the Facial Feedback Literature",50,-0.492736402,0.037379819,"from_dataset",22,50,"Emotion dysregulation in schizophrenia: Reduced amplification of emotional expression is associated with emotional blunting",2007,"no",0.533333333,"yes","film","exaggerate-control","yes","within",5.1722725646224,0.492736402,"CRAN",NA,NA,"CRAN"
"psymetadata_coles2019","psymetadata","coles2019","Studies on the Facial Feedback Literature",51,0.247114537,0.034351093,"from_dataset",22,51,"Emotion dysregulation in schizophrenia: Reduced amplification of emotional expression is associated with emotional blunting",2007,"no",0.533333333,"yes","film","suppress-control","yes","within",5.39547543885399,0.247114537,"CRAN",NA,NA,"CRAN"
"psymetadata_coles2019","psymetadata","coles2019","Studies on the Facial Feedback Literature",52,-0.053837081,0.050072461,"from_dataset",23,52,"Emotion experience, expression, and regulation in Alzheimer's disease.",2009,"no",0.65,"yes","film","exaggerate-control","yes","within",4.46889891852413,0.053837081,"CRAN",NA,NA,"CRAN"
"psymetadata_coles2019","psymetadata","coles2019","Studies on the Facial Feedback Literature",53,0.482398813,0.055817715,"from_dataset",23,53,"Emotion experience, expression, and regulation in Alzheimer's disease.",2009,"no",0.65,"yes","film","suppress-control","yes","within",4.23266574119467,0.482398813,"CRAN",NA,NA,"CRAN"
"psymetadata_coles2019","psymetadata","coles2019","Studies on the Facial Feedback Literature",54,-0.116741473,0.075842857,"from_dataset",24,54,"Emotion regulation and memory: The cognitive costs of keeping one's cool",2000,"no",0.55,"no","film","suppress-control","yes","between",3.6311371916971,0.116741473,"CRAN",NA,NA,"CRAN"
"psymetadata_coles2019","psymetadata","coles2019","Studies on the Facial Feedback Literature",55,-0.87235187,0.187735667,"from_dataset",25,55,"The effects of expressive and experiential suppression on memory accuracy and memory distortion in women with and without PTSD",2012,"no",NA,"no","film","suppress-control","yes","between",2.30795111112215,0.87235187,"CRAN",NA,NA,"CRAN"
"psymetadata_coles2019","psymetadata","coles2019","Studies on the Facial Feedback Literature",56,0.189016681,0.068275124,"from_dataset",26,56,"Emotion Regulation in Romantic Relationships: The Cognitive Consequences of Concealing Feelings",2003,"no",0.5,"no","social context","suppress-control","yes","between",3.82709066758791,0.189016681,"CRAN",NA,NA,"CRAN"
"psymetadata_coles2019","psymetadata","coles2019","Studies on the Facial Feedback Literature",57,-0.121600504,0.068097661,"from_dataset",26,57,"Emotion Regulation in Romantic Relationships: The Cognitive Consequences of Concealing Feelings",2003,"no",0.5,"no","social context","suppress-control","yes","between",3.83207413602324,0.121600504,"CRAN",NA,NA,"CRAN"
"psymetadata_coles2019","psymetadata","coles2019","Studies on the Facial Feedback Literature",58,0.157187359,0.125343165,"from_dataset",27,58,"Emotion regulation, disgust sensitivity, and psychophysiological responses to a disgust-inducing film",2009,"no",0,NA,"film","suppress-control","yes","between",2.82455263168902,0.157187359,"CRAN",NA,NA,"CRAN"
"psymetadata_coles2019","psymetadata","coles2019","Studies on the Facial Feedback Literature",59,0.127256987,0.125224921,"from_dataset",27,59,"Emotion regulation, disgust sensitivity, and psychophysiological responses to a disgust-inducing film",2009,"no",0,NA,"film","suppress-control","yes","between",2.82588586310177,0.127256987,"CRAN",NA,NA,"CRAN"
"psymetadata_coles2019","psymetadata","coles2019","Studies on the Facial Feedback Literature",60,-0.223466156,0.035948611,"from_dataset",28,60,"Emotional empathy and facial feedback.",2008,"no",0.517857143,"no","film","incidental-suppress",NA,"between",5.27422851865573,0.223466156,"CRAN",NA,NA,"CRAN"
"psymetadata_coles2019","psymetadata","coles2019","Studies on the Facial Feedback Literature",61,1.196751854,0.028601792,"from_dataset",29,61,"Emotional expression and feeling in schizophrenia: effects of specific expressive behaviors on emotional experiences.",1999,"no",0.733333333,"yes",NA,"exp.pose-exp.pose",NA,"within",5.91293871827878,1.196751854,"CRAN",NA,NA,"CRAN"
"psymetadata_coles2019","psymetadata","coles2019","Studies on the Facial Feedback Literature",62,0.703591975,0.020792014,"from_dataset",29,62,"Emotional expression and feeling in schizophrenia: effects of specific expressive behaviors on emotional experiences.",1999,"no",0.733333333,"yes",NA,"exp.pose-exp.pose",NA,"within",6.93508391669047,0.703591975,"CRAN",NA,NA,"CRAN"
"psymetadata_coles2019","psymetadata","coles2019","Studies on the Facial Feedback Literature",63,0.309838668,0.017466667,"from_dataset",29,63,"Emotional expression and feeling in schizophrenia: effects of specific expressive behaviors on emotional experiences.",1999,"no",0.733333333,"yes",NA,"exp.pose-exp.pose",NA,"within",7.56649901238036,0.309838668,"CRAN",NA,NA,"CRAN"
"psymetadata_coles2019","psymetadata","coles2019","Studies on the Facial Feedback Literature",64,0.857220314,0.022790222,"from_dataset",29,64,"Emotional expression and feeling in schizophrenia: effects of specific expressive behaviors on emotional experiences.",1999,"no",0.733333333,"yes",NA,"exp.pose-exp.pose",NA,"within",6.62408233845975,0.857220314,"CRAN",NA,NA,"CRAN"
"psymetadata_coles2019","psymetadata","coles2019","Studies on the Facial Feedback Literature",65,1.314232349,0.031060056,"from_dataset",29,65,"Emotional expression and feeling in schizophrenia: effects of specific expressive behaviors on emotional experiences.",1999,"no",0.733333333,"yes",NA,"exp.pose-exp.pose",NA,"within",5.67412478831485,1.314232349,"CRAN",NA,NA,"CRAN"
"psymetadata_coles2019","psymetadata","coles2019","Studies on the Facial Feedback Literature",66,0.391817164,0.037129667,"from_dataset",30,66,"Emotional expression and feeling in schizophrenia: effects of specific expressive behaviors on emotional experiences.",1999,"no",0,"yes",NA,"exp.pose-exp.pose",NA,"within",5.18966677368694,0.391817164,"CRAN",NA,NA,"CRAN"
"psymetadata_coles2019","psymetadata","coles2019","Studies on the Facial Feedback Literature",67,0.230262219,0.035396908,"from_dataset",30,67,"Emotional expression and feeling in schizophrenia: effects of specific expressive behaviors on emotional experiences.",1999,"no",0,"yes",NA,"exp.pose-exp.pose",NA,"within",5.31517216547674,0.230262219,"CRAN",NA,NA,"CRAN"
"psymetadata_coles2019","psymetadata","coles2019","Studies on the Facial Feedback Literature",68,-0.159697991,0.034922473,"from_dataset",30,68,"Emotional expression and feeling in schizophrenia: effects of specific expressive behaviors on emotional experiences.",1999,"no",0,"yes",NA,"exp.pose-exp.pose",NA,"within",5.35115468050257,0.159697991,"CRAN",NA,NA,"CRAN"
"psymetadata_coles2019","psymetadata","coles2019","Studies on the Facial Feedback Literature",69,-0.490235693,0.038626397,"from_dataset",30,69,"Emotional expression and feeling in schizophrenia: effects of specific expressive behaviors on emotional experiences.",1999,"no",0,"yes",NA,"exp.pose-exp.pose",NA,"within",5.08812649957569,0.490235693,"CRAN",NA,NA,"CRAN"
"psymetadata_coles2019","psymetadata","coles2019","Studies on the Facial Feedback Literature",70,0.25254566,0.035582402,"from_dataset",30,70,"Emotional expression and feeling in schizophrenia: effects of specific expressive behaviors on emotional experiences.",1999,"no",0,"yes",NA,"exp.pose-exp.pose",NA,"within",5.30129984675581,0.25254566,"CRAN",NA,NA,"CRAN"
"psymetadata_coles2019","psymetadata","coles2019","Studies on the Facial Feedback Literature",71,0.372667302,0.022608003,"from_dataset",31,71,"Emotional suppression",1993,"yes",1,"yes","film","suppress-control","yes","between",6.65072359596669,0.372667302,"CRAN",NA,NA,"CRAN"
"psymetadata_coles2019","psymetadata","coles2019","Studies on the Facial Feedback Literature",72,0.088642999,0.022244049,"from_dataset",31,72,"Emotional suppression",1993,"yes",1,"yes","film","suppress-control","yes","between",6.70491194163663,0.088642999,"CRAN",NA,NA,"CRAN"
"psymetadata_coles2019","psymetadata","coles2019","Studies on the Facial Feedback Literature",73,0.197257461,0.022330307,"from_dataset",31,73,"Emotional suppression",1993,"yes",1,"yes","film","suppress-control","yes","between",6.69194947108965,0.197257461,"CRAN",NA,NA,"CRAN"
"psymetadata_coles2019","psymetadata","coles2019","Studies on the Facial Feedback Literature",74,0.15791661,0.022291493,"from_dataset",31,74,"Emotional suppression",1993,"yes",1,"yes","film","suppress-control","yes","between",6.69777295629871,0.15791661,"CRAN",NA,NA,"CRAN"
"psymetadata_coles2019","psymetadata","coles2019","Studies on the Facial Feedback Literature",75,-0.226347142,0.022364536,"from_dataset",31,75,"Emotional suppression",1993,"yes",1,"yes","film","suppress-control","yes","between",6.68682648420143,0.226347142,"CRAN",NA,NA,"CRAN"
"psymetadata_coles2019","psymetadata","coles2019","Studies on the Facial Feedback Literature",76,0.039924902,0.047074714,"from_dataset",32,76,"Emotional Suppression: Physiology, Self-Report, and Expressive Behavior",1993,"no",0.494117647,"yes","film","suppress-control","yes","between",4.60899412904159,0.039924902,"CRAN",NA,NA,"CRAN"
"psymetadata_coles2019","psymetadata","coles2019","Studies on the Facial Feedback Literature",77,0.711365374,0.052209181,"from_dataset",33,77,"Exploring the positive and negative implications of facial feedback.",2012,"no",1,"no","sentences","exp.pose-exp.pose",NA,"within",4.37649624048323,0.711365374,"CRAN",NA,NA,"CRAN"
"psymetadata_coles2019","psymetadata","coles2019","Studies on the Facial Feedback Literature",78,0.55678269,0.048125145,"from_dataset",33,78,"Exploring the positive and negative implications of facial feedback.",2012,"no",1,"no","sentences","exp.pose-suppress",NA,"within",4.5584161911663,0.55678269,"CRAN",NA,NA,"CRAN"
"psymetadata_coles2019","psymetadata","coles2019","Studies on the Facial Feedback Literature",79,0.687886877,0.042897205,"from_dataset",34,79,"Expressive Inhibition Following Trauma: Implications for Understanding Posttraumatic Numbing",2012,"yes",0.568,"yes","film","suppress-control","yes","between",4.82820278077787,0.687886877,"CRAN",NA,NA,"CRAN"
"psymetadata_coles2019","psymetadata","coles2019","Studies on the Facial Feedback Literature",80,0.081265362,0.043091061,"from_dataset",34,80,"Expressive Inhibition Following Trauma: Implications for Understanding Posttraumatic Numbing",2012,"yes",0.568,"yes","film","suppress-control","yes","between",4.81733009497993,0.081265362,"CRAN",NA,NA,"CRAN"
"psymetadata_coles2019","psymetadata","coles2019","Studies on the Facial Feedback Literature",81,0.169782792,0.043210535,"from_dataset",34,81,"Expressive Inhibition Following Trauma: Implications for Understanding Posttraumatic Numbing",2012,"yes",0.568,"yes","film","suppress-control","yes","between",4.81066570072683,0.169782792,"CRAN",NA,NA,"CRAN"
"psymetadata_coles2019","psymetadata","coles2019","Studies on the Facial Feedback Literature",82,0.273276198,0.040884536,"from_dataset",34,82,"Expressive Inhibition Following Trauma: Implications for Understanding Posttraumatic Numbing",2012,"yes",0.568,"yes","film","suppress-control","yes","between",4.94561680405626,0.273276198,"CRAN",NA,NA,"CRAN"
"psymetadata_coles2019","psymetadata","coles2019","Studies on the Facial Feedback Literature",83,0.253385883,0.033293619,"from_dataset",35,83,"Expressive suppression and enhancement during music-elicited emotions in younger and older adults",2015,"no",0.590163934,"no","audio","exaggerate-control","yes","within",5.48049135898973,0.253385883,"CRAN",NA,NA,"CRAN"
"psymetadata_coles2019","psymetadata","coles2019","Studies on the Facial Feedback Literature",84,0.659110492,0.039264946,"from_dataset",35,84,"Expressive suppression and enhancement during music-elicited emotions in younger and older adults",2015,"no",0.590163934,"no","audio","exaggerate-control","yes","within",5.0465838988439,0.659110492,"CRAN",NA,NA,"CRAN"
"psymetadata_coles2019","psymetadata","coles2019","Studies on the Facial Feedback Literature",85,0.207246757,0.034049187,"from_dataset",35,85,"Expressive suppression and enhancement during music-elicited emotions in younger and older adults",2015,"no",0.590163934,"no","audio","exaggerate-control","yes","within",5.41934284430178,0.207246757,"CRAN",NA,NA,"CRAN"
"psymetadata_coles2019","psymetadata","coles2019","Studies on the Facial Feedback Literature",86,0.138604698,0.033653521,"from_dataset",35,86,"Expressive suppression and enhancement during music-elicited emotions in younger and older adults",2015,"no",0.590163934,"no","audio","exaggerate-control","yes","within",5.45110748453911,0.138604698,"CRAN",NA,NA,"CRAN"
"psymetadata_coles2019","psymetadata","coles2019","Studies on the Facial Feedback Literature",87,-0.045660672,0.032291692,"from_dataset",35,87,"Expressive suppression and enhancement during music-elicited emotions in younger and older adults",2015,"no",0.590163934,"no","audio","suppress-control","yes","within",5.56486456625944,0.045660672,"CRAN",NA,NA,"CRAN"
"psymetadata_coles2019","psymetadata","coles2019","Studies on the Facial Feedback Literature",88,-0.504409467,0.036361757,"from_dataset",35,88,"Expressive suppression and enhancement during music-elicited emotions in younger and older adults",2015,"no",0.590163934,"no","audio","suppress-control","yes","within",5.24417975876195,0.504409467,"CRAN",NA,NA,"CRAN"
"psymetadata_coles2019","psymetadata","coles2019","Studies on the Facial Feedback Literature",89,0.074251114,0.03342522,"from_dataset",35,89,"Expressive suppression and enhancement during music-elicited emotions in younger and older adults",2015,"no",0.590163934,"no","audio","suppress-control","yes","within",5.46969188699191,0.074251114,"CRAN",NA,NA,"CRAN"
"psymetadata_coles2019","psymetadata","coles2019","Studies on the Facial Feedback Literature",90,-0.118552311,0.033567578,"from_dataset",35,90,"Expressive suppression and enhancement during music-elicited emotions in younger and older adults",2015,"no",0.590163934,"no","audio","suppress-control","yes","within",5.45808125322761,0.118552311,"CRAN",NA,NA,"CRAN"
"psymetadata_coles2019","psymetadata","coles2019","Studies on the Facial Feedback Literature",91,0.475913872,0.021408596,"from_dataset",36,91,"Expressive suppression of negative emotion A comparison of Asian American and European American norms for emotion regulation",2011,"yes",0.541666667,"yes","film","exaggerate-control","yes","within",6.83448676207469,0.475913872,"CRAN",NA,NA,"CRAN"
"psymetadata_coles2019","psymetadata","coles2019","Studies on the Facial Feedback Literature",92,0.165381983,0.023038082,"from_dataset",36,92,"Expressive suppression of negative emotion A comparison of Asian American and European American norms for emotion regulation",2011,"yes",0.541666667,"yes","film","exaggerate-control","yes","within",6.58835269313425,0.165381983,"CRAN",NA,NA,"CRAN"
"psymetadata_coles2019","psymetadata","coles2019","Studies on the Facial Feedback Literature",93,-0.268356991,0.019923226,"from_dataset",36,93,"Expressive suppression of negative emotion A comparison of Asian American and European American norms for emotion regulation",2011,"yes",0.541666667,"yes","film","suppress-control","yes","within",7.08467886499198,0.268356991,"CRAN",NA,NA,"CRAN"
"psymetadata_coles2019","psymetadata","coles2019","Studies on the Facial Feedback Literature",94,-0.263618426,0.023516985,"from_dataset",36,94,"Expressive suppression of negative emotion A comparison of Asian American and European American norms for emotion regulation",2011,"yes",0.541666667,"yes","film","suppress-control","yes","within",6.52092460503155,0.263618426,"CRAN",NA,NA,"CRAN"
"psymetadata_coles2019","psymetadata","coles2019","Studies on the Facial Feedback Literature",95,-0.162444837,0.056288565,"from_dataset",37,95,"Facial Action and Emotional Language: ERP Evidence that Blocking Facial Feedback Selectively Impairs Sentence Comprehension",2015,"no",0.555555556,"no",NA,NA,NA,"within",4.2149255846344,0.162444837,"CRAN",NA,NA,"CRAN"
"psymetadata_coles2019","psymetadata","coles2019","Studies on the Facial Feedback Literature",96,0.42242104,0.025330692,"from_dataset",38,96,"Facial feedback and social input: Effects on laughter and enjoyment in children with autism spectrum disorders.",2016,"no",0.162790698,NA,"film","incidental-control","no","within",6.28313618272367,0.42242104,"CRAN",NA,NA,"CRAN"
"psymetadata_coles2019","psymetadata","coles2019","Studies on the Facial Feedback Literature",97,1.232518204,0.237977528,"from_dataset",39,97,"Facial feedback effects on impression formation.",1993,"no",1,"no","social context","exaggerate-control","yes","between",2.04989693231791,1.232518204,"CRAN",NA,NA,"CRAN"
"psymetadata_coles2019","psymetadata","coles2019","Studies on the Facial Feedback Literature",98,0.312228557,0.202437167,"from_dataset",39,98,"Facial feedback effects on impression formation.",1993,"no",1,"no","social context","suppress-control","yes","between",2.22256706516297,0.312228557,"CRAN",NA,NA,"CRAN"
"psymetadata_coles2019","psymetadata","coles2019","Studies on the Facial Feedback Literature",99,1.610684963,0.264857651,"from_dataset",40,99,"Facial feedback effects on impression formation.",1993,"no",1,"no","social context","exaggerate-control","yes","between",1.94309367678333,1.610684963,"CRAN",NA,NA,"CRAN"
"psymetadata_coles2019","psymetadata","coles2019","Studies on the Facial Feedback Literature",100,-1.38053698,0.247647059,"from_dataset",40,100,"Facial feedback effects on impression formation.",1993,"no",1,"no","social context","suppress-control","yes","between",2.00947872537043,1.38053698,"CRAN",NA,NA,"CRAN"
"psymetadata_coles2019","psymetadata","coles2019","Studies on the Facial Feedback Literature",101,0.996661093,0.187361111,"from_dataset",41,101,"Facial feedback mechanisms in autistic spectrum disorders.",2008,"no",NA,"no","pictures","incidental-control","no","between",2.31025688665459,0.996661093,"CRAN",NA,NA,"CRAN"
"psymetadata_coles2019","psymetadata","coles2019","Studies on the Facial Feedback Literature",102,0.432477788,0.040500686,"from_dataset",42,102,"Facilitating the Furrowed Brow: An Unobtrusive Test of the Facial Feedback Hypothesis Applied to Unpleasant Affect",1992,"no",0.3,"no","pictures","incidental-suppress",NA,"within",4.96899786706,0.432477788,"CRAN",NA,NA,"CRAN"
"psymetadata_coles2019","psymetadata","coles2019","Studies on the Facial Feedback Literature",103,1.265872202,0.048681519,"from_dataset",43,103,"Feeling and facial efference: Implications of the vascular theory of emotion",1989,"no",NA,"no","audio","incidental-incidental",NA,"within",4.53229259817112,1.265872202,"CRAN",NA,NA,"CRAN"
"psymetadata_coles2019","psymetadata","coles2019","Studies on the Facial Feedback Literature",104,0.472639886,0.04275747,"from_dataset",44,104,"Feeling and facial efference: Implications of the vascular theory of emotion",1989,"no",0,NA,NA,"incidental-incidental",NA,"within",4.83608583133948,0.472639886,"CRAN",NA,NA,"CRAN"
"psymetadata_coles2019","psymetadata","coles2019","Studies on the Facial Feedback Literature",105,0.309863494,0.040307988,"from_dataset",44,105,"Feeling and facial efference: Implications of the vascular theory of emotion",1989,"no",0,NA,NA,"incidental-incidental",NA,"within",4.98086120161049,0.309863494,"CRAN",NA,NA,"CRAN"
"psymetadata_coles2019","psymetadata","coles2019","Studies on the Facial Feedback Literature",106,0.548909793,0.081385313,"from_dataset",45,106,"Happiness and stereotypic thinking in social judgment.",1994,"no",0.725490196,"no",NA,"exp.pose-control","yes","between",3.50531443232807,0.548909793,"CRAN",NA,NA,"CRAN"
"psymetadata_coles2019","psymetadata","coles2019","Studies on the Facial Feedback Literature",107,0.372677996,0.022608025,"from_dataset",46,107,"Hiding feelings: The acute effects of inhibiting negative and positive emotion",1997,"no",1,"yes","film","suppress-control","yes","between",6.65072036003709,0.372677996,"CRAN",NA,NA,"CRAN"
"psymetadata_coles2019","psymetadata","coles2019","Studies on the Facial Feedback Literature",108,0.159506182,0.022292895,"from_dataset",46,108,"Hiding feelings: The acute effects of inhibiting negative and positive emotion",1997,"no",1,"yes","film","suppress-control","yes","between",6.69756234154168,0.159506182,"CRAN",NA,NA,"CRAN"
"psymetadata_coles2019","psymetadata","coles2019","Studies on the Facial Feedback Literature",109,0.067953398,0.058016655,"from_dataset",47,109,"How does facial feedback modulate emotional experience?",2009,"no",0.634328358,"no","film","suppress-control","yes","between",4.15167794757487,0.067953398,"CRAN",NA,NA,"CRAN"
"psymetadata_coles2019","psymetadata","coles2019","Studies on the Facial Feedback Literature",110,0.505201788,0.059832678,"from_dataset",47,110,"How does facial feedback modulate emotional experience?",2009,"no",0.634328358,"no","film","suppress-control","yes","between",4.08818724823043,0.505201788,"CRAN",NA,NA,"CRAN"
"psymetadata_coles2019","psymetadata","coles2019","Studies on the Facial Feedback Literature",111,-0.028829414,0.029853848,"from_dataset",48,111,"How to handle anxiety: The effects of reappraisal, acceptance, and suppression strategies on anxious arousal",2009,"no",NA,"yes","social context","suppress-control","yes","between",5.78761776931214,0.028829414,"CRAN",NA,NA,"CRAN"
"psymetadata_coles2019","psymetadata","coles2019","Studies on the Facial Feedback Literature",112,-0.07624137,0.012695017,"from_dataset",49,112,"Individual differences in cognitive control processes and their relationship to emotion regulation",2016,"no",0.569620253,NA,"pictures","suppress-control","yes","within",8.87530643238643,0.07624137,"CRAN",NA,NA,"CRAN"
"psymetadata_coles2019","psymetadata","coles2019","Studies on the Facial Feedback Literature",113,-0.047245559,0.035754145,"from_dataset",50,113,"Individual differences in disgust sensitivity and voluntary emotion regulation: Subjective, physiological, and behavioral responses to disgust and pleasant pictures",2003,"yes",0.413793103,"yes","pictures","suppress-control","yes","within",5.28855227426533,0.047245559,"CRAN",NA,NA,"CRAN"
"psymetadata_coles2019","psymetadata","coles2019","Studies on the Facial Feedback Literature",114,-0.182574186,0.033888889,"from_dataset",50,114,"Individual differences in disgust sensitivity and voluntary emotion regulation: Subjective, physiological, and behavioral responses to disgust and pleasant pictures",2003,"yes",0.413793103,"yes","pictures","suppress-control","yes","within",5.43214475364596,0.182574186,"CRAN",NA,NA,"CRAN"
"psymetadata_coles2019","psymetadata","coles2019","Studies on the Facial Feedback Literature",115,-0.08247861,0.035835763,"from_dataset",50,115,"Individual differences in disgust sensitivity and voluntary emotion regulation: Subjective, physiological, and behavioral responses to disgust and pleasant pictures",2003,"yes",0.413793103,"yes","pictures","suppress-control","yes","within",5.28252635106118,0.08247861,"CRAN",NA,NA,"CRAN"
"psymetadata_coles2019","psymetadata","coles2019","Studies on the Facial Feedback Literature",116,-0.091287093,0.033472222,"from_dataset",50,116,"Individual differences in disgust sensitivity and voluntary emotion regulation: Subjective, physiological, and behavioral responses to disgust and pleasant pictures",2003,"yes",0.413793103,"yes","pictures","suppress-control","yes","within",5.46585024223522,0.091287093,"CRAN",NA,NA,"CRAN"
"psymetadata_coles2019","psymetadata","coles2019","Studies on the Facial Feedback Literature",117,0.041239305,0.035744655,"from_dataset",50,117,"Individual differences in disgust sensitivity and voluntary emotion regulation: Subjective, physiological, and behavioral responses to disgust and pleasant pictures",2003,"yes",0.413793103,"yes","pictures","suppress-control","yes","within",5.28925426775701,0.041239305,"CRAN",NA,NA,"CRAN"
"psymetadata_coles2019","psymetadata","coles2019","Studies on the Facial Feedback Literature",118,0.502079011,0.037534722,"from_dataset",50,118,"Individual differences in disgust sensitivity and voluntary emotion regulation: Subjective, physiological, and behavioral responses to disgust and pleasant pictures",2003,"yes",0.413793103,"yes","pictures","suppress-control","yes","within",5.16158873871153,0.502079011,"CRAN",NA,NA,"CRAN"
"psymetadata_coles2019","psymetadata","coles2019","Studies on the Facial Feedback Literature",119,0.431283474,0.055560905,"from_dataset",51,119,"Inhibiting and facilitating conditions of the human smile: a nonobtrusive test of the facial feedback hypothesis.",1988,"no",NA,"no","pictures","incidental-suppress",NA,"between",4.24243643993351,0.431283474,"CRAN",NA,NA,"CRAN"
"psymetadata_coles2019","psymetadata","coles2019","Studies on the Facial Feedback Literature",120,0.552619174,0.100064915,"from_dataset",52,120,"Inhibiting and facilitating conditions of the human smile: a nonobtrusive test of the facial feedback hypothesis.",1988,"no",0.457831325,"no","pictures","incidental-suppress",NA,"between",3.16125176334051,0.552619174,"CRAN",NA,NA,"CRAN"
"psymetadata_coles2019","psymetadata","coles2019","Studies on the Facial Feedback Literature",121,-0.512259347,0.099547104,"from_dataset",52,121,"Inhibiting and facilitating conditions of the human smile: a nonobtrusive test of the facial feedback hypothesis.",1988,"no",0.457831325,"no","pictures","incidental-suppress",NA,"between",3.1694629904717,0.512259347,"CRAN",NA,NA,"CRAN"
"psymetadata_coles2019","psymetadata","coles2019","Studies on the Facial Feedback Literature",122,-0.148737308,0.048326041,"from_dataset",52,122,"Inhibiting and facilitating conditions of the human smile: a nonobtrusive test of the facial feedback hypothesis.",1988,"no",0.457831325,"no","pictures","incidental-suppress",NA,"between",4.54893143639409,0.148737308,"CRAN",NA,NA,"CRAN"
"psymetadata_coles2019","psymetadata","coles2019","Studies on the Facial Feedback Literature",123,-0.232551842,0.108838924,"from_dataset",53,123,"Intellectual performance and ego depletion: Role of the self in logical reasoning and other information processing",2003,"no",0.594594595,"yes","film","suppress-control","yes","between",3.03115315277613,0.232551842,"CRAN",NA,NA,"CRAN"
"psymetadata_coles2019","psymetadata","coles2019","Studies on the Facial Feedback Literature",124,1.738383468,0.100805852,"from_dataset",54,124,"Mapping the emotional landscape: The role of specific emotions in conceptual categorization.",2015,"no",0.745454545,"yes",NA,"exp.pose-exp.pose",NA,"between",3.14961251681825,1.738383468,"CRAN",NA,NA,"CRAN"
"psymetadata_coles2019","psymetadata","coles2019","Studies on the Facial Feedback Literature",125,-0.167333382,0.022533338,"from_dataset",55,125,"Mindful regulation of positive emotions: A comparison with reappraisal and expressive suppression",2014,"no",0.666666667,"yes","film","suppress-control","yes","within",6.66173318544051,0.167333382,"CRAN",NA,NA,"CRAN"
"psymetadata_coles2019","psymetadata","coles2019","Studies on the Facial Feedback Literature",126,0.57126296,0.056259063,"from_dataset",56,126,"Mood is linked to vowel type: The role of articulatory movements.",2014,"no",NA,"no","pictures","incidental-incidental",NA,"between",4.21603058381374,0.57126296,"CRAN",NA,NA,"CRAN"
"psymetadata_coles2019","psymetadata","coles2019","Studies on the Facial Feedback Literature",127,0.464790357,0.055513717,"from_dataset",56,127,"Mood is linked to vowel type: The role of articulatory movements.",2014,"no",NA,"no","pictures","incidental-suppress",NA,"between",4.24423914363979,0.464790357,"CRAN",NA,NA,"CRAN"
"psymetadata_coles2019","psymetadata","coles2019","Studies on the Facial Feedback Literature",128,-0.067697599,0.010022915,"from_dataset",57,128,"On the activation of sensorimotor systems during the processing of emotionally-laden stimuli",2013,"no",0.788461538,"no",NA,"incidental-control","no","within",9.98856215361929,0.067697599,"CRAN",NA,NA,"CRAN"
"psymetadata_coles2019","psymetadata","coles2019","Studies on the Facial Feedback Literature",129,-0.065739879,0.009454348,"from_dataset",58,129,"On the activation of sensorimotor systems during the processing of emotionally-laden stimuli",2013,"no",0.754716981,"no",NA,"incidental-control","no","within",10.2845242848208,0.065739879,"CRAN",NA,NA,"CRAN"
"psymetadata_coles2019","psymetadata","coles2019","Studies on the Facial Feedback Literature",130,-0.06637346,0.009636565,"from_dataset",59,130,"On the activation of sensorimotor systems during the processing of emotionally-laden stimuli",2013,"no",0.730769231,"no","pictures","incidental-suppress",NA,"within",10.1868256328773,0.06637346,"CRAN",NA,NA,"CRAN"
"psymetadata_coles2019","psymetadata","coles2019","Studies on the Facial Feedback Literature",131,-0.067697599,0.010022915,"from_dataset",60,131,"On the activation of sensorimotor systems during the processing of emotionally-laden stimuli",2013,"no",0.63,"no",NA,"incidental-control","no","within",9.98856215361929,0.067697599,"CRAN",NA,NA,"CRAN"
"psymetadata_coles2019","psymetadata","coles2019","Studies on the Facial Feedback Literature",132,0.18203956,0.076026912,"from_dataset",63,132,"On the expression and experience of surprise: no evidence for facial feedback, but evidence for a reverse self-inference effect.",2007,"no",0.6125,"no",NA,"exp.pose-control","yes","between",3.62673918366832,0.18203956,"CRAN",NA,NA,"CRAN"
"psymetadata_coles2019","psymetadata","coles2019","Studies on the Facial Feedback Literature",133,0.344399025,0.073829602,"from_dataset",63,133,"On the expression and experience of surprise: no evidence for facial feedback, but evidence for a reverse self-inference effect.",2007,"no",0.6125,"no",NA,"exp.pose-control","yes","between",3.68031283597702,0.344399025,"CRAN",NA,NA,"CRAN"
"psymetadata_coles2019","psymetadata","coles2019","Studies on the Facial Feedback Literature",134,-0.079875912,0.072809324,"from_dataset",63,134,"On the expression and experience of surprise: no evidence for facial feedback, but evidence for a reverse self-inference effect.",2007,"no",0.6125,"no","pictures","exp.pose-control","yes","between",3.70600926377235,0.079875912,"CRAN",NA,NA,"CRAN"
"psymetadata_coles2019","psymetadata","coles2019","Studies on the Facial Feedback Literature",135,0.297685514,0.073556929,"from_dataset",63,135,"On the expression and experience of surprise: no evidence for facial feedback, but evidence for a reverse self-inference effect.",2007,"no",0.6125,"no","pictures","exp.pose-control","yes","between",3.68712792240062,0.297685514,"CRAN",NA,NA,"CRAN"
"psymetadata_coles2019","psymetadata","coles2019","Studies on the Facial Feedback Literature",136,-0.123966195,0.075859263,"from_dataset",63,136,"On the expression and experience of surprise: no evidence for facial feedback, but evidence for a reverse self-inference effect.",2007,"no",0.6125,"no","pictures","exp.pose-suppress",NA,"between",3.63074451942693,0.123966195,"CRAN",NA,NA,"CRAN"
"psymetadata_coles2019","psymetadata","coles2019","Studies on the Facial Feedback Literature",137,0.22086939,0.076174505,"from_dataset",63,137,"On the expression and experience of surprise: no evidence for facial feedback, but evidence for a reverse self-inference effect.",2007,"no",0.6125,"no","pictures","exp.pose-suppress",NA,"between",3.62322395995062,0.22086939,"CRAN",NA,NA,"CRAN"
"psymetadata_coles2019","psymetadata","coles2019","Studies on the Facial Feedback Literature",138,-0.04336202,0.077055117,"from_dataset",63,138,"On the expression and experience of surprise: no evidence for facial feedback, but evidence for a reverse self-inference effect.",2007,"no",0.6125,"no","pictures","suppress-control","yes","between",3.60246075136703,0.04336202,"CRAN",NA,NA,"CRAN"
"psymetadata_coles2019","psymetadata","coles2019","Studies on the Facial Feedback Literature",139,-0.090650991,0.077116052,"from_dataset",63,139,"On the expression and experience of surprise: no evidence for facial feedback, but evidence for a reverse self-inference effect.",2007,"no",0.6125,"no","pictures","suppress-control","yes","between",3.60103718700391,0.090650991,"CRAN",NA,NA,"CRAN"
"psymetadata_coles2019","psymetadata","coles2019","Studies on the Facial Feedback Literature",140,-0.741619849,0.106875,"from_dataset",64,140,"On the expression and experience of surprise: no evidence for facial feedback, but evidence for a reverse self-inference effect.",2007,"no",0.5,"no","pictures","exp.pose-control","yes","between",3.05887645160749,0.741619849,"CRAN",NA,NA,"CRAN"
"psymetadata_coles2019","psymetadata","coles2019","Studies on the Facial Feedback Literature",141,0.719743963,0.024686582,"from_dataset",65,141,"Peripheral feedback effects of facial expressions, bodily postures, and vocal expressions on emotional feelings.",2006,"no",0.615384615,"yes",NA,"exp.pose-exp.pose",NA,"within",6.36457660729225,0.719743963,"CRAN",NA,NA,"CRAN"
"psymetadata_coles2019","psymetadata","coles2019","Studies on the Facial Feedback Literature",142,0.350070021,0.020809304,"from_dataset",65,142,"Peripheral feedback effects of facial expressions, bodily postures, and vocal expressions on emotional feelings.",2006,"no",0.615384615,"yes",NA,"exp.pose-exp.pose",NA,"within",6.93220221246746,0.350070021,"CRAN",NA,NA,"CRAN"
"psymetadata_coles2019","psymetadata","coles2019","Studies on the Facial Feedback Literature",143,0.589517915,0.023015013,"from_dataset",65,143,"Peripheral feedback effects of facial expressions, bodily postures, and vocal expressions on emotional feelings.",2006,"no",0.615384615,"yes",NA,"exp.pose-exp.pose",NA,"within",6.59165376973035,0.589517915,"CRAN",NA,NA,"CRAN"
"psymetadata_coles2019","psymetadata","coles2019","Studies on the Facial Feedback Literature",144,0.676335281,0.024092445,"from_dataset",65,144,"Peripheral feedback effects of facial expressions, bodily postures, and vocal expressions on emotional feelings.",2006,"no",0.615384615,"yes",NA,"exp.pose-exp.pose",NA,"within",6.44257617019473,0.676335281,"CRAN",NA,NA,"CRAN"
"psymetadata_coles2019","psymetadata","coles2019","Studies on the Facial Feedback Literature",145,0.341336891,0.036433709,"from_dataset",66,145,"Personality and emotional memory: How regulating emotion impairs memory for emotional events",2006,"no",0.65,"no","film","suppress-control","yes","between",5.23899890137736,0.341336891,"CRAN",NA,NA,"CRAN"
"psymetadata_coles2019","psymetadata","coles2019","Studies on the Facial Feedback Literature",146,0.591275458,0.019580056,"from_dataset",67,146,"Positive and reverse placebo effects as a function of differences in cues used in self-perception.",1980,"no",NA,"no",NA,"exp.pose-control","yes","within",7.14649402941801,0.591275458,"CRAN",NA,NA,"CRAN"
"psymetadata_coles2019","psymetadata","coles2019","Studies on the Facial Feedback Literature",147,0.441520101,0.018291167,"from_dataset",67,147,"Positive and reverse placebo effects as a function of differences in cues used in self-perception.",1980,"no",NA,"no",NA,"exp.pose-control","yes","within",7.39399738336678,0.441520101,"CRAN",NA,NA,"CRAN"
"psymetadata_coles2019","psymetadata","coles2019","Studies on the Facial Feedback Literature",148,-0.056093192,0.029936957,"from_dataset",68,148,"Reappraisal but not suppression downregulates the experience of positive and negative emotion",2015,"no",0.5,"no","film","suppress-control","yes","between",5.77957858514184,0.056093192,"CRAN",NA,NA,"CRAN"
"psymetadata_coles2019","psymetadata","coles2019","Studies on the Facial Feedback Literature",149,-0.020752338,0.029926798,"from_dataset",68,149,"Reappraisal but not suppression downregulates the experience of positive and negative emotion",2015,"no",0.5,"no","film","suppress-control","yes","between",5.78055947452469,0.020752338,"CRAN",NA,NA,"CRAN"
"psymetadata_coles2019","psymetadata","coles2019","Studies on the Facial Feedback Literature",150,1.320427054,0.016514454,"from_dataset",69,150,"Reappraisal but not suppression downregulates the experience of positive and negative emotion",2015,"no",0.43,"no","film","suppress-control","yes","between",7.78158185486094,1.320427054,"CRAN",NA,NA,"CRAN"
"psymetadata_coles2019","psymetadata","coles2019","Studies on the Facial Feedback Literature",151,0.19514325,0.013623866,"from_dataset",69,151,"Reappraisal but not suppression downregulates the experience of positive and negative emotion",2015,"no",0.43,"no","film","suppress-control","yes","between",8.56741527521682,0.19514325,"CRAN",NA,NA,"CRAN"
"psymetadata_coles2019","psymetadata","coles2019","Studies on the Facial Feedback Literature",152,0.697131241,0.018279353,"from_dataset",70,152,"Reduced facial reactivity as a contributor to preserved emotion regulation in older adults",2016,"no",0.642857143,NA,"pictures","suppress-control","yes","within",7.39638637863295,0.697131241,"CRAN",NA,NA,"CRAN"
"psymetadata_coles2019","psymetadata","coles2019","Studies on the Facial Feedback Literature",153,0.220301844,0.015062742,"from_dataset",70,153,"Reduced facial reactivity as a contributor to preserved emotion regulation in older adults",2016,"no",0.642857143,NA,"pictures","suppress-control","yes","within",8.147942983515,0.220301844,"CRAN",NA,NA,"CRAN"
"psymetadata_coles2019","psymetadata","coles2019","Studies on the Facial Feedback Literature",154,0.086546247,0.028841205,"from_dataset",71,154,"Registered Replication Report: Strack, Martin, &amp; Stepper (1988); Albohn",2016,"no",0.552147239,"yes","pictures","incidental-suppress",NA,"between",5.88834570151187,0.086546247,"CRAN",NA,NA,"CRAN"
"psymetadata_coles2019","psymetadata","coles2019","Studies on the Facial Feedback Literature",155,0.093809709,0.032502734,"from_dataset",72,155,"Registered Replication Report: Strack, Martin, &amp; Stepper (1988); Allard",2016,"no",0.748502994,"yes","pictures","incidental-suppress",NA,"between",5.54676866153529,0.093809709,"CRAN",NA,NA,"CRAN"
"psymetadata_coles2019","psymetadata","coles2019","Studies on the Facial Feedback Literature",156,-0.012281068,0.034785895,"from_dataset",73,156,"Registered Replication Report: Strack, Martin, &amp; Stepper (1988); Benning",2016,"no",0.58041958,"yes","pictures","incidental-suppress",NA,"between",5.36164936569719,0.012281068,"CRAN",NA,NA,"CRAN"
"psymetadata_coles2019","psymetadata","coles2019","Studies on the Facial Feedback Literature",157,0.086728308,0.03964508,"from_dataset",74,157,"Registered Replication Report: Strack, Martin, &amp; Stepper (1988); Bulnes",2016,"no",0.833333333,"yes","pictures","incidental-suppress",NA,"between",5.02233121905395,0.086728308,"CRAN",NA,NA,"CRAN"
"psymetadata_coles2019","psymetadata","coles2019","Studies on the Facial Feedback Literature",158,-0.071817682,0.034212574,"from_dataset",75,158,"Registered Replication Report: Strack, Martin, &amp; Stepper (1988); Capaldi",2016,"no",0.693333333,"yes","pictures","incidental-suppress",NA,"between",5.40638693736882,0.071817682,"CRAN",NA,NA,"CRAN"
"psymetadata_coles2019","psymetadata","coles2019","Studies on the Facial Feedback Literature",159,-0.036512362,0.042560283,"from_dataset",76,159,"Registered Replication Report: Strack, Martin, &amp; Stepper (1988); Chasten",2016,"no",0.703703704,"yes","pictures","incidental-suppress",NA,"between",4.84727597376015,0.036512362,"CRAN",NA,NA,"CRAN"
"psymetadata_coles2019","psymetadata","coles2019","Studies on the Facial Feedback Literature",160,0.145210356,0.040514658,"from_dataset",77,160,"Registered Replication Report: Strack, Martin, &amp; Stepper (1988); Holmes",2016,"no",0.639784946,"yes","pictures","incidental-suppress",NA,"between",4.96814098181966,0.145210356,"CRAN",NA,NA,"CRAN"
"psymetadata_coles2019","psymetadata","coles2019","Studies on the Facial Feedback Literature",161,-0.139592974,0.040097431,"from_dataset",78,161,"Registered Replication Report: Strack, Martin, &amp; Stepper (1988); Koch",2016,"no",0.663793103,"yes","pictures","incidental-suppress",NA,"between",4.99392166434234,0.139592974,"CRAN",NA,NA,"CRAN"
"psymetadata_coles2019","psymetadata","coles2019","Studies on the Facial Feedback Literature",162,0.011081846,0.039608451,"from_dataset",79,162,"Registered Replication Report: Strack, Martin, &amp; Stepper (1988); Korb",2016,"no",0.379310345,"yes","pictures","incidental-suppress",NA,"between",5.02465295158874,0.011081846,"CRAN",NA,NA,"CRAN"
"psymetadata_coles2019","psymetadata","coles2019","Studies on the Facial Feedback Literature",163,0.22924997,0.032083079,"from_dataset",80,163,"Registered Replication Report: Strack, Martin, &amp; Stepper (1988); Lynott",2016,"no",0.386075949,"yes","pictures","incidental-suppress",NA,"between",5.5829273911287,0.22924997,"CRAN",NA,NA,"CRAN"
"psymetadata_coles2019","psymetadata","coles2019","Studies on the Facial Feedback Literature",164,-0.170863755,0.036544486,"from_dataset",81,164,"Registered Replication Report: Strack, Martin, &amp; Stepper (1988); Oosterwijk",2016,"no",0.302013423,"yes","pictures","incidental-suppress",NA,"between",5.23105240762006,0.170863755,"CRAN",NA,NA,"CRAN"
"psymetadata_coles2019","psymetadata","coles2019","Studies on the Facial Feedback Literature",165,-0.296321575,0.048306833,"from_dataset",82,165,"Registered Replication Report: Strack, Martin, &amp; Stepper (1988); Ozdogru",2016,"no",0.350318471,"yes","pictures","incidental-suppress",NA,"between",4.54983573073119,0.296321575,"CRAN",NA,NA,"CRAN"
"psymetadata_coles2019","psymetadata","coles2019","Studies on the Facial Feedback Literature",166,-0.075555935,0.033366381,"from_dataset",83,166,"Registered Replication Report: Strack, Martin, &amp; Stepper (1988); Pacheco-Unguetti",2016,"no",0.243243243,"yes","pictures","incidental-suppress",NA,"between",5.47451244941474,0.075555935,"CRAN",NA,NA,"CRAN"
"psymetadata_coles2019","psymetadata","coles2019","Studies on the Facial Feedback Literature",167,0.017208374,0.035727,"from_dataset",84,167,"Registered Replication Report: Strack, Martin, &amp; Stepper (1988); Talarico",2016,"no",0.232704403,"yes","pictures","incidental-suppress",NA,"between",5.29056098607181,0.017208374,"CRAN",NA,NA,"CRAN"
"psymetadata_coles2019","psymetadata","coles2019","Studies on the Facial Feedback Literature",168,0.125856273,0.030830153,"from_dataset",85,168,"Registered Replication Report: Strack, Martin, &amp; Stepper (1988); Wagenmakers",2016,"no",0.370165746,"yes","pictures","incidental-suppress",NA,"between",5.69524170263581,0.125856273,"CRAN",NA,NA,"CRAN"
"psymetadata_coles2019","psymetadata","coles2019","Studies on the Facial Feedback Literature",169,-0.140027336,0.03650091,"from_dataset",86,169,"Registered Replication Report: Strack, Martin, &amp; Stepper (1988); Wayand",2016,"no",0.18,"yes","pictures","incidental-suppress",NA,"between",5.23417397838662,0.140027336,"CRAN",NA,NA,"CRAN"
"psymetadata_coles2019","psymetadata","coles2019","Studies on the Facial Feedback Literature",170,0.250711264,0.03753238,"from_dataset",87,170,"Registered Replication Report: Strack, Martin, &amp; Stepper (1988); Zeelenberg",2016,"no",0.227586207,"yes","pictures","incidental-suppress",NA,"between",5.16174977635761,0.250711264,"CRAN",NA,NA,"CRAN"
"psymetadata_coles2019","psymetadata","coles2019","Studies on the Facial Feedback Literature",171,-0.032589507,0.058088504,"from_dataset",88,171,"Respiratory sinus arrhythmia, emotion, and emotion regulation during social interaction",2006,"no",1,"no","film","suppress-control","yes","between",4.14910957186823,0.032589507,"CRAN",NA,NA,"CRAN"
"psymetadata_coles2019","psymetadata","coles2019","Studies on the Facial Feedback Literature",172,0.61610317,0.079079548,"from_dataset",89,172,"Resting RSA is associated with natural and self-regulated responses to negative emotional stimuli",2004,"no",0.495145631,"yes","film","exaggerate-control","yes","between",3.55605042643538,0.61610317,"CRAN",NA,NA,"CRAN"
"psymetadata_coles2019","psymetadata","coles2019","Studies on the Facial Feedback Literature",173,0.162049355,0.080390805,"from_dataset",89,173,"Resting RSA is associated with natural and self-regulated responses to negative emotional stimuli",2004,"no",0.495145631,"yes","film","exaggerate-control","yes","between",3.52692976490533,0.162049355,"CRAN",NA,NA,"CRAN"
"psymetadata_coles2019","psymetadata","coles2019","Studies on the Facial Feedback Literature",174,0.463964608,0.029148199,"from_dataset",90,174,"Self-attribution of emotion: the effects of expressive behavior on the quality of emotional experience.",1974,"no",NA,"no","pictures","exp.pose-exp.pose",NA,"within",5.85725507133112,0.463964608,"CRAN",NA,NA,"CRAN"
"psymetadata_coles2019","psymetadata","coles2019","Studies on the Facial Feedback Literature",175,0.435587927,0.028812327,"from_dataset",90,175,"Self-attribution of emotion: the effects of expressive behavior on the quality of emotional experience.",1974,"no",NA,"no","pictures","exp.pose-exp.pose",NA,"within",5.89129584609233,0.435587927,"CRAN",NA,NA,"CRAN"
"psymetadata_coles2019","psymetadata","coles2019","Studies on the Facial Feedback Literature",176,0.394368249,0.028362188,"from_dataset",90,176,"Self-attribution of emotion: the effects of expressive behavior on the quality of emotional experience.",1974,"no",NA,"no","pictures","exp.pose-exp.pose",NA,"within",5.93786246769803,0.394368249,"CRAN",NA,NA,"CRAN"
"psymetadata_coles2019","psymetadata","coles2019","Studies on the Facial Feedback Literature",177,0.134227759,0.038808021,"from_dataset",91,177,"Self-attribution of emotion: the effects of expressive behavior on the quality of emotional experience.",1974,"no",NA,"no","pictures","exp.pose-exp.pose",NA,"within",5.07620615884422,0.134227759,"CRAN",NA,NA,"CRAN"
"psymetadata_coles2019","psymetadata","coles2019","Studies on the Facial Feedback Literature",178,0.549125178,0.044260355,"from_dataset",91,178,"Self-attribution of emotion: the effects of expressive behavior on the quality of emotional experience.",1974,"no",NA,"no","pictures","exp.pose-exp.pose",NA,"within",4.75327075841501,0.549125178,"CRAN",NA,NA,"CRAN"
"psymetadata_coles2019","psymetadata","coles2019","Studies on the Facial Feedback Literature",179,1.40981743,0.036922085,"from_dataset",92,179,"Separate and combined effects of facial expressions and bodily postures on emotional feelings.",1999,"no",0.333333333,"yes",NA,"exp.pose-exp.pose",NA,"within",5.20423490393596,1.40981743,"CRAN",NA,NA,"CRAN"
"psymetadata_coles2019","psymetadata","coles2019","Studies on the Facial Feedback Literature",180,0.289856286,0.019296451,"from_dataset",92,180,"Separate and combined effects of facial expressions and bodily postures on emotional feelings.",1999,"no",0.333333333,"yes",NA,"exp.pose-exp.pose",NA,"within",7.19881941900855,0.289856286,"CRAN",NA,NA,"CRAN"
"psymetadata_coles2019","psymetadata","coles2019","Studies on the Facial Feedback Literature",181,1.177115904,0.031348165,"from_dataset",92,181,"Separate and combined effects of facial expressions and bodily postures on emotional feelings.",1999,"no",0.333333333,"yes",NA,"exp.pose-exp.pose",NA,"within",5.64799024571419,1.177115904,"CRAN",NA,NA,"CRAN"
"psymetadata_coles2019","psymetadata","coles2019","Studies on the Facial Feedback Literature",182,1.212497423,0.032131019,"from_dataset",92,182,"Separate and combined effects of facial expressions and bodily postures on emotional feelings.",1999,"no",0.333333333,"yes",NA,"exp.pose-exp.pose",NA,"within",5.57876092746092,1.212497423,"CRAN",NA,NA,"CRAN"
"psymetadata_coles2019","psymetadata","coles2019","Studies on the Facial Feedback Literature",183,0.850139725,0.140689315,"from_dataset",141,183,"Smiling After Thinking Increases Reliance on Thoughts",2013,"no",NA,"no","stories","incidental-suppress",NA,"between",2.66605707427554,0.850139725,"CRAN",NA,NA,"CRAN"
"psymetadata_coles2019","psymetadata","coles2019","Studies on the Facial Feedback Literature",184,0.579817898,0.094917636,"from_dataset",93,184,"Smiling into happiness: Conditioning positive affect",2014,"yes",0.818181818,"yes","film","incidental-control","no","between",3.24583578044998,0.579817898,"CRAN",NA,NA,"CRAN"
"psymetadata_coles2019","psymetadata","coles2019","Studies on the Facial Feedback Literature",185,0.287708971,0.09203795,"from_dataset",93,185,"Smiling into happiness: Conditioning positive affect",2014,"yes",0.818181818,"yes","film","incidental-control","no","between",3.29622259116416,0.287708971,"CRAN",NA,NA,"CRAN"
"psymetadata_coles2019","psymetadata","coles2019","Studies on the Facial Feedback Literature",186,0.208936702,0.046446694,"from_dataset",94,186,"Stop laughing! Humor perception with and without expressive suppression",2012,"no",1,"no","pictures","suppress-control","yes","within",4.64004931669587,0.208936702,"CRAN",NA,NA,"CRAN"
"psymetadata_coles2019","psymetadata","coles2019","Studies on the Facial Feedback Literature",187,-0.644305877,0.131976603,"from_dataset",95,187,"Up- and down-regulating facial disgust: Affective, vagal, sympathetic, and respiratory consequences",2006,"no",0.52173913,"yes","film","exaggerate-control","yes","between",2.75265337753265,0.644305877,"CRAN",NA,NA,"CRAN"
"psymetadata_coles2019","psymetadata","coles2019","Studies on the Facial Feedback Literature",188,0.055203116,0.116710201,"from_dataset",95,188,"Up- and down-regulating facial disgust: Affective, vagal, sympathetic, and respiratory consequences",2006,"no",0.52173913,"yes","film","suppress-control","yes","between",2.92715413391058,0.055203116,"CRAN",NA,NA,"CRAN"
"psymetadata_coles2019","psymetadata","coles2019","Studies on the Facial Feedback Literature",189,-0.382178772,0.110797321,"from_dataset",95,189,"Up- and down-regulating facial disgust: Affective, vagal, sympathetic, and respiratory consequences",2006,"no",0.52173913,"yes","film","suppress-exaggerate",NA,"between",3.00424516022186,0.382178772,"CRAN",NA,NA,"CRAN"
"psymetadata_coles2019","psymetadata","coles2019","Studies on the Facial Feedback Literature",190,0.086238391,0.097651671,"from_dataset",96,190,"The benefits of transcending self-interest: Examining the role of self-transcendence on expressive suppression and well-being",2016,"no",0.504065041,"no","social context","exaggerate-control","yes","between",3.20007502497439,0.086238391,"CRAN",NA,NA,"CRAN"
"psymetadata_coles2019","psymetadata","coles2019","Studies on the Facial Feedback Literature",191,-0.38701524,0.099387571,"from_dataset",96,191,"The benefits of transcending self-interest: Examining the role of self-transcendence on expressive suppression and well-being",2016,"no",0.504065041,"no","social context","exaggerate-control","yes","between",3.17200571885794,0.38701524,"CRAN",NA,NA,"CRAN"
"psymetadata_coles2019","psymetadata","coles2019","Studies on the Facial Feedback Literature",192,0.799119552,0.105348684,"from_dataset",96,192,"The benefits of transcending self-interest: Examining the role of self-transcendence on expressive suppression and well-being",2016,"no",0.504065041,"no","social context","suppress-control","yes","between",3.08095562047915,0.799119552,"CRAN",NA,NA,"CRAN"
"psymetadata_coles2019","psymetadata","coles2019","Studies on the Facial Feedback Literature",193,-0.336353304,0.098940653,"from_dataset",96,193,"The benefits of transcending self-interest: Examining the role of self-transcendence on expressive suppression and well-being",2016,"no",0.504065041,"no","social context","suppress-control","yes","between",3.17916167118219,0.336353304,"CRAN",NA,NA,"CRAN"
"psymetadata_coles2019","psymetadata","coles2019","Studies on the Facial Feedback Literature",194,0.982832455,0.109340971,"from_dataset",96,194,"The benefits of transcending self-interest: Examining the role of self-transcendence on expressive suppression and well-being",2016,"no",0.504065041,"no","social context","suppress-exaggerate",NA,"between",3.0241862665429,0.982832455,"CRAN",NA,NA,"CRAN"
"psymetadata_coles2019","psymetadata","coles2019","Studies on the Facial Feedback Literature",195,-0.672227478,0.103071827,"from_dataset",96,195,"The benefits of transcending self-interest: Examining the role of self-transcendence on expressive suppression and well-being",2016,"no",0.504065041,"no","social context","suppress-exaggerate",NA,"between",3.11479890177115,0.672227478,"CRAN",NA,NA,"CRAN"
"psymetadata_coles2019","psymetadata","coles2019","Studies on the Facial Feedback Literature",196,0.991924409,0.161159637,"from_dataset",97,196,"The connection between facial expression and emotional experience",2008,"yes",0.642857143,"yes","film","suppress-control","yes","between",2.49098928688144,0.991924409,"CRAN",NA,NA,"CRAN"
"psymetadata_coles2019","psymetadata","coles2019","Studies on the Facial Feedback Literature",197,0.874531148,0.157246971,"from_dataset",97,197,"The connection between facial expression and emotional experience",2008,"yes",0.642857143,"yes","film","suppress-control","yes","between",2.52178963718133,0.874531148,"CRAN",NA,NA,"CRAN"
"psymetadata_coles2019","psymetadata","coles2019","Studies on the Facial Feedback Literature",198,0.263497955,0.130286524,"from_dataset",98,198,"The connection between facial expression and emotional experience",2008,"yes",0.52173913,"yes","film","exp.pose-suppress",NA,"between",2.77044958348101,0.263497955,"CRAN",NA,NA,"CRAN"
"psymetadata_coles2019","psymetadata","coles2019","Studies on the Facial Feedback Literature",199,-0.187620895,0.133920027,"from_dataset",98,199,"The connection between facial expression and emotional experience",2008,"yes",0.52173913,"yes","film","exp.pose-suppress",NA,"between",2.73260737363537,0.187620895,"CRAN",NA,NA,"CRAN"
"psymetadata_coles2019","psymetadata","coles2019","Studies on the Facial Feedback Literature",200,0.097123527,0.058943819,"from_dataset",99,200,"The effects of BOTOX injections on emotional experience.",2010,"no",1,"no","film","Botox-control",NA,"between",4.11889636346877,0.097123527,"CRAN",NA,NA,"CRAN"
"psymetadata_coles2019","psymetadata","coles2019","Studies on the Facial Feedback Literature",201,0.053388987,0.058895418,"from_dataset",99,201,"The effects of BOTOX injections on emotional experience.",2010,"no",1,"no","film","Botox-control",NA,"between",4.12058849646996,0.053388987,"CRAN",NA,NA,"CRAN"
"psymetadata_coles2019","psymetadata","coles2019","Studies on the Facial Feedback Literature",202,-0.15121523,0.059042592,"from_dataset",99,202,"The effects of BOTOX injections on emotional experience.",2010,"no",1,"no","film","Botox-control",NA,"between",4.11544964789285,0.15121523,"CRAN",NA,NA,"CRAN"
"psymetadata_coles2019","psymetadata","coles2019","Studies on the Facial Feedback Literature",203,-0.105058189,0.029574077,"from_dataset",100,203,"The electrocortical modulation effects of different emotion regulation strategies",2015,"no",1,"yes","pictures","suppress-control","yes","within",5.81492878545295,0.105058189,"CRAN",NA,NA,"CRAN"
"psymetadata_coles2019","psymetadata","coles2019","Studies on the Facial Feedback Literature",204,-0.275957697,0.037074154,"from_dataset",101,204,"The facilitative effect of facial expression on the self-generation of emotion.",1992,"no",1,"no",NA,"exaggerate-control","yes","within",5.19355069519012,0.275957697,"CRAN",NA,NA,"CRAN"
"psymetadata_coles2019","psymetadata","coles2019","Studies on the Facial Feedback Literature",205,0.136316703,0.036046111,"from_dataset",101,205,"The facilitative effect of facial expression on the self-generation of emotion.",1992,"no",1,"no",NA,"exaggerate-control","yes","within",5.26709064062298,0.136316703,"CRAN",NA,NA,"CRAN"
"psymetadata_coles2019","psymetadata","coles2019","Studies on the Facial Feedback Literature",206,-0.260338482,0.036924574,"from_dataset",101,206,"The facilitative effect of facial expression on the self-generation of emotion.",1992,"no",1,"no",NA,"exaggerate-control","yes","within",5.20405949827018,0.260338482,"CRAN",NA,NA,"CRAN"
"psymetadata_coles2019","psymetadata","coles2019","Studies on the Facial Feedback Literature",207,-0.156236761,0.036150177,"from_dataset",101,207,"The facilitative effect of facial expression on the self-generation of emotion.",1992,"no",1,"no",NA,"exaggerate-control","yes","within",5.25950395443389,0.156236761,"CRAN",NA,NA,"CRAN"
"psymetadata_coles2019","psymetadata","coles2019","Studies on the Facial Feedback Literature",208,-0.394968353,0.02695,"from_dataset",102,208,"The Influence of Facial Feedback on Race Bias.",2006,"no",NA,"no",NA,"incidental-control","no","within",6.09144903873173,0.394968353,"CRAN",NA,NA,"CRAN"
"psymetadata_coles2019","psymetadata","coles2019","Studies on the Facial Feedback Literature",209,0.800367563,0.07766436,"from_dataset",103,209,"The Neural Bases of Emotion Regulation: Reappraisal and Suppression of Negative Emotion",2008,"no",1,"yes","film","suppress-control","yes","within",3.58830306551043,0.800367563,"CRAN",NA,NA,"CRAN"
"psymetadata_coles2019","psymetadata","coles2019","Studies on the Facial Feedback Literature",210,0.412607518,0.145897231,"from_dataset",104,210,"The role of facial feedback in the modulation of clinically-relevant ambiguity resolution.",2013,"no",0.766666667,"no",NA,"incidental-control","no","between",2.61804119116458,0.412607518,"CRAN",NA,NA,"CRAN"
"psymetadata_coles2019","psymetadata","coles2019","Studies on the Facial Feedback Literature",211,0.621095931,0.08520572,"from_dataset",104,211,"The role of facial feedback in the modulation of clinically-relevant ambiguity resolution.",2013,"no",0.766666667,"no",NA,"incidental-control","no","within",3.42582855259754,0.621095931,"CRAN",NA,NA,"CRAN"
"psymetadata_coles2019","psymetadata","coles2019","Studies on the Facial Feedback Literature",212,0.515143605,0.147595945,"from_dataset",104,212,"The role of facial feedback in the modulation of clinically-relevant ambiguity resolution.",2013,"no",0.766666667,"no",NA,"incidental-control","no","between",2.60293178676433,0.515143605,"CRAN",NA,NA,"CRAN"
"psymetadata_coles2019","psymetadata","coles2019","Studies on the Facial Feedback Literature",213,0.125278348,0.071989095,"from_dataset",104,213,"The role of facial feedback in the modulation of clinically-relevant ambiguity resolution.",2013,"no",0.766666667,"no",NA,"incidental-control","no","within",3.72706222050371,0.125278348,"CRAN",NA,NA,"CRAN"
"psymetadata_coles2019","psymetadata","coles2019","Studies on the Facial Feedback Literature",214,0.686763339,0.151279355,"from_dataset",104,214,"The role of facial feedback in the modulation of clinically-relevant ambiguity resolution.",2013,"no",0.766666667,"no",NA,"incidental-control","no","between",2.57104790034955,0.686763339,"CRAN",NA,NA,"CRAN"
"psymetadata_coles2019","psymetadata","coles2019","Studies on the Facial Feedback Literature",215,0.416365441,0.077620006,"from_dataset",104,215,"The role of facial feedback in the modulation of clinically-relevant ambiguity resolution.",2013,"no",0.766666667,"no",NA,"incidental-control","no","within",3.58932814185671,0.416365441,"CRAN",NA,NA,"CRAN"
"psymetadata_coles2019","psymetadata","coles2019","Studies on the Facial Feedback Literature",216,0.347560544,0.145014256,"from_dataset",104,216,"The role of facial feedback in the modulation of clinically-relevant ambiguity resolution.",2013,"no",0.766666667,"no",NA,"incidental-control","no","between",2.62599956985047,0.347560544,"CRAN",NA,NA,"CRAN"
"psymetadata_coles2019","psymetadata","coles2019","Studies on the Facial Feedback Literature",217,0.136917804,0.072098089,"from_dataset",104,217,"The role of facial feedback in the modulation of clinically-relevant ambiguity resolution.",2013,"no",0.766666667,"no",NA,"incidental-control","no","within",3.72424396921836,0.136917804,"CRAN",NA,NA,"CRAN"
"psymetadata_coles2019","psymetadata","coles2019","Studies on the Facial Feedback Literature",218,0.734971702,0.147408745,"from_dataset",105,218,"The role of facial feedback in the modulation of clinically-relevant ambiguity resolution.",2013,"no",0.806451613,"no",NA,"incidental-control","no","between",2.60458404365149,0.734971702,"CRAN",NA,NA,"CRAN"
"psymetadata_coles2019","psymetadata","coles2019","Studies on the Facial Feedback Literature",219,0.6304951,0.079917469,"from_dataset",105,219,"The role of facial feedback in the modulation of clinically-relevant ambiguity resolution.",2013,"no",0.806451613,"no",NA,"incidental-control","no","within",3.53735901287071,0.6304951,"CRAN",NA,NA,"CRAN"
"psymetadata_coles2019","psymetadata","coles2019","Studies on the Facial Feedback Literature",220,0.401157582,0.140869849,"from_dataset",105,220,"The role of facial feedback in the modulation of clinically-relevant ambiguity resolution.",2013,"no",0.806451613,"no",NA,"incidental-control","no","between",2.66434816261329,0.401157582,"CRAN",NA,NA,"CRAN"
"psymetadata_coles2019","psymetadata","coles2019","Studies on the Facial Feedback Literature",221,0,0.066666667,"from_dataset",105,221,"The role of facial feedback in the modulation of clinically-relevant ambiguity resolution.",2013,"no",0.806451613,"no",NA,"incidental-control","no","within",3.87298333652496,0,"CRAN",NA,NA,"CRAN"
"psymetadata_coles2019","psymetadata","coles2019","Studies on the Facial Feedback Literature",222,0.079745657,0.138204882,"from_dataset",105,222,"The role of facial feedback in the modulation of clinically-relevant ambiguity resolution.",2013,"no",0.806451613,"no",NA,"incidental-control","no","between",2.68991345794543,0.079745657,"CRAN",NA,NA,"CRAN"
"psymetadata_coles2019","psymetadata","coles2019","Studies on the Facial Feedback Literature",223,-0.253362542,0.068806419,"from_dataset",105,223,"The role of facial feedback in the modulation of clinically-relevant ambiguity resolution.",2013,"no",0.806451613,"no",NA,"incidental-control","no","within",3.81228642040977,0.253362542,"CRAN",NA,NA,"CRAN"
"psymetadata_coles2019","psymetadata","coles2019","Studies on the Facial Feedback Literature",224,0.034736155,0.138116042,"from_dataset",105,224,"The role of facial feedback in the modulation of clinically-relevant ambiguity resolution.",2013,"no",0.806451613,"no",NA,"incidental-control","no","between",2.69077843167399,0.034736155,"CRAN",NA,NA,"CRAN"
"psymetadata_coles2019","psymetadata","coles2019","Studies on the Facial Feedback Literature",225,-0.060178513,0.066787382,"from_dataset",105,225,"The role of facial feedback in the modulation of clinically-relevant ambiguity resolution.",2013,"no",0.806451613,"no",NA,"incidental-control","no","within",3.86948163741013,0.060178513,"CRAN",NA,NA,"CRAN"
"psymetadata_coles2019","psymetadata","coles2019","Studies on the Facial Feedback Literature",226,-0.08224009,0.014755613,"from_dataset",106,226,"The sex differences in regulating unpleasant emotion by expressive suppression: Extraversion matters",2016,"no",0.514705882,"no","pictures","suppress-control","yes","within",8.23230347476611,0.08224009,"CRAN",NA,NA,"CRAN"
"psymetadata_coles2019","psymetadata","coles2019","Studies on the Facial Feedback Literature",227,-0.102530403,0.166885677,"from_dataset",107,227,"The social consequences of expressive suppression",2003,"no",1,"yes","social context","suppress-control","yes","between",2.44788193648246,0.102530403,"CRAN",NA,NA,"CRAN"
"psymetadata_coles2019","psymetadata","coles2019","Studies on the Facial Feedback Literature",228,-0.834973256,0.103537861,"from_dataset",108,228,"The social consequences of expressive suppression",2003,"no",1,"yes","social context","suppress-control","yes","between",3.10778098912253,0.834973256,"CRAN",NA,NA,"CRAN"
"psymetadata_coles2019","psymetadata","coles2019","Studies on the Facial Feedback Literature",229,0.512754002,0.023572049,"from_dataset",109,229,"The voluntary facial action technique: A method to test the facial feedback hypothesis.",2011,"no",0.5,"no",NA,"incidental-incidental",NA,"within",6.51330375432848,0.512754002,"CRAN",NA,NA,"CRAN"
"psymetadata_coles2019","psymetadata","coles2019","Studies on the Facial Feedback Literature",230,0.100020831,0.010468772,"from_dataset",110,230,"The voluntary facial action technique: A method to test the facial feedback hypothesis.",2011,"no",0.5,"no","pictures","incidental-incidental",NA,"within",9.77354527899358,0.100020831,"CRAN",NA,NA,"CRAN"
"psymetadata_coles2019","psymetadata","coles2019","Studies on the Facial Feedback Literature",231,0.321495529,0.010954997,"from_dataset",110,231,"The voluntary facial action technique: A method to test the facial feedback hypothesis.",2011,"no",0.5,"no","pictures","incidental-incidental",NA,"within",9.55418988690497,0.321495529,"CRAN",NA,NA,"CRAN"
"psymetadata_coles2019","psymetadata","coles2019","Studies on the Facial Feedback Literature",232,0.055055858,0.016418288,"from_dataset",111,232,"The voluntary facial action technique: A method to test the facial feedback hypothesis.",2011,"no",0.508196721,"no",NA,"incidental-incidental",NA,"within",7.8043379125777,0.055055858,"CRAN",NA,NA,"CRAN"
"psymetadata_coles2019","psymetadata","coles2019","Studies on the Facial Feedback Literature",233,0.309849249,0.017180382,"from_dataset",111,233,"The voluntary facial action technique: A method to test the facial feedback hypothesis.",2011,"no",0.508196721,"no","pictures","incidental-incidental",NA,"within",7.62928066577302,0.309849249,"CRAN",NA,NA,"CRAN"
"psymetadata_coles2019","psymetadata","coles2019","Studies on the Facial Feedback Literature",234,0.341858469,0.017351371,"from_dataset",111,234,"The voluntary facial action technique: A method to test the facial feedback hypothesis.",2011,"no",0.508196721,"no","pictures","incidental-incidental",NA,"within",7.59159624131259,0.341858469,"CRAN",NA,NA,"CRAN"
"psymetadata_coles2019","psymetadata","coles2019","Studies on the Facial Feedback Literature",235,0.913248383,0.070850565,"from_dataset",112,235,"Timing effects of antecedent- and response-focused emotion regulation strategies",2013,"no",0.5,"no","pictures","suppress-control","yes","within",3.75688880402473,0.913248383,"CRAN",NA,NA,"CRAN"
"psymetadata_coles2019","psymetadata","coles2019","Studies on the Facial Feedback Literature",236,0.041767996,0.226236386,"from_dataset",113,236,"Weeping propensity and the effects of laboratory expression and inhibition",1996,"no",1,"no","film","suppress-exaggerate",NA,"between",2.10241657956225,0.041767996,"CRAN",NA,NA,"CRAN"
"psymetadata_coles2019","psymetadata","coles2019","Studies on the Facial Feedback Literature",237,0.906616171,0.275686028,"from_dataset",113,237,"Weeping propensity and the effects of laboratory expression and inhibition",1996,"no",1,"no","film","suppress-exaggerate",NA,"between",1.90455106664973,0.906616171,"CRAN",NA,NA,"CRAN"
"psymetadata_coles2019","psymetadata","coles2019","Studies on the Facial Feedback Literature",238,0.486146098,0.015748859,"from_dataset",114,238,"The effect of facial expressions on the evaluation of ambiguous statements",2015,"no",0.76056338,"no","pictures","exp.pose-exp.pose",NA,"within",7.96847937015419,0.486146098,"CRAN",NA,NA,"CRAN"
"psymetadata_coles2019","psymetadata","coles2019","Studies on the Facial Feedback Literature",239,1.891784382,0.103312003,"from_dataset",115,239,"Affect-specific activation of shared networks for perception and execution of facial expressions",2013,"no",0.53125,"yes","pictures","exp.pose-control","yes","within",3.11117620927498,1.891784382,"CRAN",NA,NA,"CRAN"
"psymetadata_coles2019","psymetadata","coles2019","Studies on the Facial Feedback Literature",240,1.139304531,0.061074348,"from_dataset",115,240,"Affect-specific activation of shared networks for perception and execution of facial expressions",2013,"no",0.53125,"yes","pictures","exp.pose-control","yes","within",4.04641647581563,1.139304531,"CRAN",NA,NA,"CRAN"
"psymetadata_coles2019","psymetadata","coles2019","Studies on the Facial Feedback Literature",241,-0.159808664,0.055732908,"from_dataset",116,241,"Are we puppets on a string? The contextual meaning of unconscious expressive cues",2004,"no",NA,"no","pictures","exp.pose-exp.pose",NA,"between",4.23588487371254,0.159808664,"CRAN",NA,NA,"CRAN"
"psymetadata_coles2019","psymetadata","coles2019","Studies on the Facial Feedback Literature",242,-2.159693168,0.111071243,"from_dataset",117,242,"Emotional responding following experimental manipulation of facial electromyographic activity.",1987,"no",1,"yes","social context","exaggerate-control","yes","within",3.00053836438344,2.159693168,"CRAN",NA,NA,"CRAN"
"psymetadata_coles2019","psymetadata","coles2019","Studies on the Facial Feedback Literature",243,-2.071391876,0.104844405,"from_dataset",117,243,"Emotional responding following experimental manipulation of facial electromyographic activity.",1987,"no",1,"yes","imagined scenarios","exaggerate-control","yes","within",3.08835609885828,2.071391876,"CRAN",NA,NA,"CRAN"
"psymetadata_coles2019","psymetadata","coles2019","Studies on the Facial Feedback Literature",244,4.731594915,0.406466507,"from_dataset",117,244,"Emotional responding following experimental manipulation of facial electromyographic activity.",1987,"no",1,"yes","imagined scenarios","suppress-control","yes","within",1.56851117536355,4.731594915,"CRAN",NA,NA,"CRAN"
"psymetadata_coles2019","psymetadata","coles2019","Studies on the Facial Feedback Literature",245,1.67171813,0.079910692,"from_dataset",117,245,"Emotional responding following experimental manipulation of facial electromyographic activity.",1987,"no",1,"yes","imagined scenarios","suppress-control","yes","within",3.53750900640216,1.67171813,"CRAN",NA,NA,"CRAN"
"psymetadata_coles2019","psymetadata","coles2019","Studies on the Facial Feedback Literature",246,2.484383796,0.136202714,"from_dataset",117,246,"Emotional responding following experimental manipulation of facial electromyographic activity.",1987,"no",1,"yes","imagined scenarios","suppress-exaggerate",NA,"within",2.70961207650255,2.484383796,"CRAN",NA,NA,"CRAN"
"psymetadata_coles2019","psymetadata","coles2019","Studies on the Facial Feedback Literature",247,-0.250453192,0.03437878,"from_dataset",117,247,"Emotional responding following experimental manipulation of facial electromyographic activity.",1987,"no",1,"yes","imagined scenarios","suppress-exaggerate",NA,"within",5.39330237428692,0.250453192,"CRAN",NA,NA,"CRAN"
"psymetadata_coles2019","psymetadata","coles2019","Studies on the Facial Feedback Literature",248,-0.573044997,0.048507929,"from_dataset",118,248,"Neuromodulation of Emotion Using Functional Electrical Stimulation Applied to Facial Muscles",2014,"no",0.5,"no",NA,"exp.pose-control","yes","within",4.54039496485053,0.573044997,"CRAN",NA,NA,"CRAN"
"psymetadata_coles2019","psymetadata","coles2019","Studies on the Facial Feedback Literature",249,-0.139887558,0.042074344,"from_dataset",118,249,"Neuromodulation of Emotion Using Functional Electrical Stimulation Applied to Facial Muscles",2014,"no",0.5,"no",NA,"exp.pose-control","yes","within",4.87518749935574,0.139887558,"CRAN",NA,NA,"CRAN"
"psymetadata_coles2019","psymetadata","coles2019","Studies on the Facial Feedback Literature",250,-0.134227759,0.038808021,"from_dataset",119,250,"Individual differences in self-attribution of emotion.",1974,"no",0.5,"no","pictures","exp.pose-exp.pose",NA,"within",5.07620615884422,0.134227759,"CRAN",NA,NA,"CRAN"
"psymetadata_coles2019","psymetadata","coles2019","Studies on the Facial Feedback Literature",251,0.349086721,0.04080503,"from_dataset",142,251,"Individual differences in self-attribution of emotion.",1974,"no",0.5,"no","pictures","exp.pose-exp.pose",NA,"within",4.95043256894705,0.349086721,"CRAN",NA,NA,"CRAN"
"psymetadata_coles2019","psymetadata","coles2019","Studies on the Facial Feedback Literature",252,0.250185117,0.038196159,"from_dataset",120,252,"Voluntary expressive changes and emotion.",1982,"no",0.555555556,"yes",NA,"exp.pose-control","yes","within",5.1167023489741,0.250185117,"CRAN",NA,NA,"CRAN"
"psymetadata_coles2019","psymetadata","coles2019","Studies on the Facial Feedback Literature",253,-0.208381325,0.094258861,"from_dataset",121,253,"Culture and Emotional Suppression",2011,"yes",0.234375,"yes","film","suppress-control","yes","between",3.25715860114757,0.208381325,"CRAN",NA,NA,"CRAN"
"psymetadata_coles2019","psymetadata","coles2019","Studies on the Facial Feedback Literature",254,-0.208381325,0.094258861,"from_dataset",121,254,"Culture and Emotional Suppression",2011,"yes",0.234375,"yes","film","suppress-control","yes","between",3.25715860114757,0.208381325,"CRAN",NA,NA,"CRAN"
"psymetadata_coles2019","psymetadata","coles2019","Studies on the Facial Feedback Literature",255,-0.208381325,0.094258861,"from_dataset",121,255,"Culture and Emotional Suppression",2011,"yes",0.234375,"yes","film","suppress-control","yes","between",3.25715860114757,0.208381325,"CRAN",NA,NA,"CRAN"
"psymetadata_coles2019","psymetadata","coles2019","Studies on the Facial Feedback Literature",256,-0.208381325,0.094258861,"from_dataset",121,256,"Culture and Emotional Suppression",2011,"yes",0.234375,"yes","film","suppress-control","yes","between",3.25715860114757,0.208381325,"CRAN",NA,NA,"CRAN"
"psymetadata_coles2019","psymetadata","coles2019","Studies on the Facial Feedback Literature",257,0.274965563,0.015724288,"from_dataset",122,257,"On the activation of sensorimotor systems during the processing of emotionally-laden stimuli",2013,"no",0.712121212,"no",NA,"incidental-control","no","within",7.97470277050351,0.274965563,"CRAN",NA,NA,"CRAN"
"psymetadata_coles2019","psymetadata","coles2019","Studies on the Facial Feedback Literature",258,0.375956492,0.015980174,"from_dataset",123,258,"On the activation of sensorimotor systems during the processing of emotionally-laden stimuli",2013,"no",0.611940299,"no",NA,"incidental-control","no","within",7.91059677875078,0.375956492,"CRAN",NA,NA,"CRAN"
"psymetadata_coles2019","psymetadata","coles2019","Studies on the Facial Feedback Literature",259,-0.252024771,0.137326007,"from_dataset",124,259,"The Influence of Facial Feedback on Race Bias.",2006,"no",NA,"no",NA,"incidental-control","no","between",2.69850734081777,0.252024771,"CRAN",NA,NA,"CRAN"
"psymetadata_coles2019","psymetadata","coles2019","Studies on the Facial Feedback Literature",260,0.394366701,0.07566504,"from_dataset",125,260,"Emotion regulation and memory: The cognitive costs of keeping one's cool",2000,"no",1,"no","pictures","suppress-control","yes","between",3.63540137382439,0.394366701,"CRAN",NA,NA,"CRAN"
"psymetadata_coles2019","psymetadata","coles2019","Studies on the Facial Feedback Literature",261,1.11387355,0.247519133,"from_dataset",126,261,"Facial feedback mechanisms in autistic spectrum disorders.",2008,"no",NA,"no",NA,NA,NA,"between",2.0099979405237,1.11387355,"CRAN",NA,NA,"CRAN"
"psymetadata_coles2019","psymetadata","coles2019","Studies on the Facial Feedback Literature",262,0.3038998,0.197374514,"from_dataset",127,262,"The role of facial response in the experience of emotion",1979,"no",NA,"yes",NA,"exp.pose-control","yes","between",2.25089099219981,0.3038998,"CRAN",NA,NA,"CRAN"
"psymetadata_coles2019","psymetadata","coles2019","Studies on the Facial Feedback Literature",263,0.3038998,0.197374514,"from_dataset",127,263,"The role of facial response in the experience of emotion",1979,"no",NA,"yes",NA,"exp.pose-control","yes","between",2.25089099219981,0.3038998,"CRAN",NA,NA,"CRAN"
"psymetadata_coles2019","psymetadata","coles2019","Studies on the Facial Feedback Literature",264,0.3038998,0.197374514,"from_dataset",127,264,"The role of facial response in the experience of emotion",1979,"no",NA,"yes","film","exp.pose-control","yes","between",2.25089099219981,0.3038998,"CRAN",NA,NA,"CRAN"
"psymetadata_coles2019","psymetadata","coles2019","Studies on the Facial Feedback Literature",265,0.3038998,0.197374514,"from_dataset",127,265,"The role of facial response in the experience of emotion",1979,"no",NA,"yes","film","exp.pose-control","yes","between",2.25089099219981,0.3038998,"CRAN",NA,NA,"CRAN"
"psymetadata_coles2019","psymetadata","coles2019","Studies on the Facial Feedback Literature",266,0.163714342,0.058471247,"from_dataset",128,266,"The effects of facial control and facial mimicry on subjective reactions to comedy routines.",1989,"no",0.465753425,"no","film","suppress-control","yes","between",4.1355075877107,0.163714342,"CRAN",NA,NA,"CRAN"
"psymetadata_coles2019","psymetadata","coles2019","Studies on the Facial Feedback Literature",267,0.09894602,0.080097903,"from_dataset",129,267,"Working memory capacity and the self-regulation of emotional expression and experience.",2008,"no",0.62,NA,"film","suppress-control","yes","between",3.53337251843984,0.09894602,"CRAN",NA,NA,"CRAN"
"psymetadata_coles2019","psymetadata","coles2019","Studies on the Facial Feedback Literature",268,-0.049074773,0.02085842,"from_dataset",130,268,"Emotional empathy, facial reactions, and facial feedback.",2010,"yes",NA,"no","film","incidental-suppress",NA,"within",6.92403566111223,0.049074773,"CRAN",NA,NA,"CRAN"
"psymetadata_coles2019","psymetadata","coles2019","Studies on the Facial Feedback Literature",269,-0.35362704,0.022135959,"from_dataset",130,269,"Emotional empathy, facial reactions, and facial feedback.",2010,"yes",NA,"no","film","incidental-suppress",NA,"within",6.72126206600626,0.35362704,"CRAN",NA,NA,"CRAN"
"psymetadata_coles2019","psymetadata","coles2019","Studies on the Facial Feedback Literature",270,0.494478605,0.025505785,"from_dataset",131,270,"Emotional empathy, facial reactions, and facial feedback.",2010,"yes",0.511363636,"no","film","exp.pose-exp.pose",NA,"within",6.26153269688142,0.494478605,"CRAN",NA,NA,"CRAN"
"psymetadata_coles2019","psymetadata","coles2019","Studies on the Facial Feedback Literature",271,0.313571798,0.023844628,"from_dataset",131,271,"Emotional empathy, facial reactions, and facial feedback.",2010,"yes",0.511363636,"no","film","exp.pose-exp.pose",NA,"within",6.47596845055177,0.313571798,"CRAN",NA,NA,"CRAN"
"psymetadata_coles2019","psymetadata","coles2019","Studies on the Facial Feedback Literature",272,-0.057914051,0.037282705,"from_dataset",132,272,"INTUITION AND FACIAL FEEDBACK",2010,"yes",0.740740741,"no","pictures","incidental-control","no","between",5.17900455208571,0.057914051,"CRAN",NA,NA,"CRAN"
"psymetadata_coles2019","psymetadata","coles2019","Studies on the Facial Feedback Literature",273,-0.216694536,0.037485822,"from_dataset",132,273,"INTUITION AND FACIAL FEEDBACK",2010,"yes",0.740740741,"no","pictures","incidental-control","no","between",5.16495427020363,0.216694536,"CRAN",NA,NA,"CRAN"
"psymetadata_coles2019","psymetadata","coles2019","Studies on the Facial Feedback Literature",274,-0.057914051,0.037282705,"from_dataset",132,274,"INTUITION AND FACIAL FEEDBACK",2010,"yes",0.740740741,"no","pictures","incidental-suppress",NA,"between",5.17900455208571,0.057914051,"CRAN",NA,NA,"CRAN"
"psymetadata_coles2019","psymetadata","coles2019","Studies on the Facial Feedback Literature",275,-0.216694536,0.037485822,"from_dataset",132,275,"INTUITION AND FACIAL FEEDBACK",2010,"yes",0.740740741,"no","pictures","incidental-suppress",NA,"between",5.16495427020363,0.216694536,"CRAN",NA,NA,"CRAN"
"psymetadata_coles2019","psymetadata","coles2019","Studies on the Facial Feedback Literature",276,0.344023651,0.033099254,"from_dataset",133,276,"How the experience of emotion is modulated by facial feedback",NA,"yes",0.5,"no","pictures","incidental-incidental",NA,"within",5.49655903971832,0.344023651,"CRAN",NA,NA,"CRAN"
"psymetadata_coles2019","psymetadata","coles2019","Studies on the Facial Feedback Literature",277,0.174249995,0.015862211,"from_dataset",134,277,"How the experience of emotion is modulated by facial feedback",NA,"yes",0.5,"no","pictures","incidental-incidental",NA,"within",7.93995678531639,0.174249995,"CRAN",NA,NA,"CRAN"
"psymetadata_coles2019","psymetadata","coles2019","Studies on the Facial Feedback Literature",278,0.364658869,0.033327751,"from_dataset",135,278,"Sven Sderkvist and Ulf Dimberg unpublished data",NA,"yes",0.5,"no","pictures","incidental-incidental",NA,"within",5.47768426814899,0.364658869,"CRAN",NA,NA,"CRAN"
"psymetadata_coles2019","psymetadata","coles2019","Studies on the Facial Feedback Literature",279,0.849225744,0.106355907,"from_dataset",136,279,"Face the noise: embodied responses to nonverbal vocalizations of discrete emotions.",2012,"no",0.855,"no","audio","suppress-control","yes","between",3.0663321193817,0.849225744,"CRAN",NA,NA,"CRAN"
"psymetadata_coles2019","psymetadata","coles2019","Studies on the Facial Feedback Literature",280,0.113594013,0.027956994,"from_dataset",137,280,"Dissociable effects of conscious emotion regulation strategies on explicit and implicit memory.",2007,"no",0.5,"no","pictures","suppress-control","yes","within",5.9807378046912,0.113594013,"CRAN",NA,NA,"CRAN"
"psymetadata_coles2019","psymetadata","coles2019","Studies on the Facial Feedback Literature",281,-0.037028572,0.009810643,"from_dataset",138,281,"Experiencing and regulating sadness: Physiological and cognitive effects",2009,"no",0.509803922,NA,"film","exaggerate-control","yes","within",10.0960446778937,0.037028572,"CRAN",NA,NA,"CRAN"
"psymetadata_coles2019","psymetadata","coles2019","Studies on the Facial Feedback Literature",282,0.033328799,0.009809367,"from_dataset",138,282,"Experiencing and regulating sadness: Physiological and cognitive effects",2009,"no",0.509803922,NA,"film","exaggerate-control","yes","within",10.0967013020213,0.033328799,"CRAN",NA,NA,"CRAN"
"psymetadata_coles2019","psymetadata","coles2019","Studies on the Facial Feedback Literature",283,0,0.009803922,"from_dataset",138,283,"Experiencing and regulating sadness: Physiological and cognitive effects",2009,"no",0.509803922,NA,"film","suppress-control","yes","within",10.099504716173,0,"CRAN",NA,NA,"CRAN"
"psymetadata_coles2019","psymetadata","coles2019","Studies on the Facial Feedback Literature",284,-0.004880139,0.009804038,"from_dataset",138,284,"Experiencing and regulating sadness: Physiological and cognitive effects",2009,"no",0.509803922,NA,"film","suppress-control","yes","within",10.0994449680359,0.004880139,"CRAN",NA,NA,"CRAN"
"psymetadata_coles2019","psymetadata","coles2019","Studies on the Facial Feedback Literature",285,0.537444094,0.044016272,"from_dataset",139,285,"Facial movement, breathing, temperature, and affect: Implications of the vascular theory of emotion efference.",1997,"no",0.5,"no",NA,"incidental-incidental",NA,"within",4.76643167115112,0.537444094,"CRAN",NA,NA,"CRAN"
"psymetadata_coles2019","psymetadata","coles2019","Studies on the Facial Feedback Literature",286,-0.237720404,0.122179757,"from_dataset",140,286,"Getting A Grip on Ourselves: Challenging Expectancies About Loss of Energy After Self-Control",2002,"no",0.867924528,"no","film","suppress-control","yes","between",2.86088480772376,0.237720404,"CRAN",NA,NA,"CRAN"
